resource,utilization,avg_queue,max_queue,avg_system,replication
Analyzer,0.5029,0.0,0,0.5,1
Centrifuge,0.5028,46.25,90,46.76,1
Phlebotomist,0.5014,125.36,196,125.86,1
Technician,0.25,0.0,0,0.5,1
Analyzer,0.5028,0.0,0,0.5,2
Centrifuge,0.5028,47.53,93,48.03,2
Phlebotomist,0.5013,122.83,196,123.33,2
Technician,0.25,0.0,0,0.5,2
Analyzer,0.5029,0.0,0,0.5,3
Centrifuge,0.5028,48.55,91,49.05,3
Phlebotomist,0.5014,123.77,195,124.27,3
Technician,0.25,0.0,0,0.5,3
Analyzer,0.5028,0.0,0,0.5,4
Centrifuge,0.5028,47.93,93,48.44,4
Phlebotomist,0.5014,125.41,194,125.91,4
Technician,0.25,0.0,0,0.5,4
Analyzer,0.5028,0.0,0,0.5,5
Centrifuge,0.5028,44.01,91,44.51,5
Phlebotomist,0.5014,130.45,200,130.95,5
Technician,0.2514,0.0,0,0.5,5
Analyzer,0.5028,0.0,0,0.5,6
Centrifuge,0.5028,45.97,91,46.47,6
Phlebotomist,0.5014,128.31,194,128.81,6
Technician,0.2514,0.0,0,0.5,6
Analyzer,0.5029,0.0,0,0.5,7
Centrifuge,0.5028,48.99,94,49.49,7
Phlebotomist,0.5013,123.5,192,124.0,7
Technician,0.25,0.0,0,0.5,7
Analyzer,0.5028,0.0,0,0.5,8
Centrifuge,0.5028,47.27,93,47.77,8
Phlebotomist,0.5013,126.29,195,126.79,8
Technician,0.2514,0.0,0,0.5,8
Analyzer,0.5028,0.0,0,0.5,9
Centrifuge,0.5028,48.42,93,48.93,9
Phlebotomist,0.5014,122.48,195,122.98,9
Technician,0.2514,0.0,0,0.5,9
Analyzer,0.5028,0.0,0,0.5,10
Centrifuge,0.5028,42.49,87,42.99,10
Phlebotomist,0.5014,132.66,202,133.16,10
Technician,0.2514,0.0,0,0.5,10
Analyzer,0.5029,0.0,0,0.5,11
Centrifuge,0.5028,47.2,92,47.7,11
Phlebotomist,0.5014,125.75,197,126.25,11
Technician,0.25,0.0,0,0.5,11
Analyzer,0.5028,0.0,0,0.5,12
Centrifuge,0.5028,48.83,98,49.33,12
Phlebotomist,0.5013,124.26,196,124.76,12
Technician,0.2514,0.0,0,0.5,12
Analyzer,0.5028,0.0,0,0.5,13
Centrifuge,0.5028,46.09,95,46.6,13
Phlebotomist,0.5013,127.93,196,128.43,13
Technician,0.2514,0.0,0,0.5,13
Analyzer,0.5029,0.0,0,0.5,14
Centrifuge,0.5028,51.67,102,52.17,14
Phlebotomist,0.5013,121.56,190,122.06,14
Technician,0.25,0.0,0,0.5,14
Analyzer,0.5028,0.0,0,0.5,15
Centrifuge,0.5028,46.66,92,47.16,15
Phlebotomist,0.5014,126.72,197,127.22,15
Technician,0.25,0.0,0,0.5,15
Analyzer,0.5028,0.0,0,0.5,16
Centrifuge,0.5028,45.87,91,46.37,16
Phlebotomist,0.5014,126.47,197,126.97,16
Technician,0.2514,0.0,0,0.5,16
Analyzer,0.5028,0.0,0,0.5,17
Centrifuge,0.5028,43.12,83,43.62,17
Phlebotomist,0.5014,129.6,200,130.11,17
Technician,0.2514,0.0,0,0.5,17
Analyzer,0.5028,0.0,0,0.5,18
Centrifuge,0.5028,41.49,83,41.99,18
Phlebotomist,0.5014,132.4,203,132.9,18
Technician,0.2514,0.0,0,0.5,18
Analyzer,0.5028,0.0,0,0.5,19
Centrifuge,0.5028,49.11,99,49.61,19
Phlebotomist,0.5013,125.52,194,126.02,19
Technician,0.2514,0.0,0,0.5,19
Analyzer,0.5028,0.0,0,0.5,20
Centrifuge,0.5028,45.41,92,45.92,20
Phlebotomist,0.5014,126.89,198,127.39,20
Technician,0.2514,0.0,0,0.5,20
Analyzer,0.5028,0.0,0,0.5,21
Centrifuge,0.5028,46.04,92,46.55,21
Phlebotomist,0.5014,126.31,195,126.81,21
Technician,0.25,0.0,0,0.5,21
Analyzer,0.5028,0.0,0,0.5,22
Centrifuge,0.5028,43.56,83,44.07,22
Phlebotomist,0.5014,127.67,200,128.17,22
Technician,0.2514,0.0,0,0.5,22
Analyzer,0.5028,0.0,0,0.5,23
Centrifuge,0.5028,45.14,94,45.64,23
Phlebotomist,0.5014,128.44,198,128.95,23
Technician,0.2514,0.0,0,0.5,23
Analyzer,0.5028,0.0,0,0.5,24
Centrifuge,0.5028,45.16,90,45.66,24
Phlebotomist,0.5014,128.24,198,128.74,24
Technician,0.2514,0.0,0,0.5,24
Analyzer,0.5028,0.0,0,0.5,25
Centrifuge,0.5028,48.64,95,49.14,25
Phlebotomist,0.5013,124.53,195,125.03,25
Technician,0.2514,0.0,0,0.5,25
Analyzer,0.5028,0.0,0,0.5,26
Centrifuge,0.5028,48.16,92,48.66,26
Phlebotomist,0.5014,124.58,193,125.08,26
Technician,0.2514,0.0,0,0.5,26
Analyzer,0.5028,0.0,0,0.5,27
Centrifuge,0.5028,44.29,91,44.79,27
Phlebotomist,0.5014,130.65,201,131.15,27
Technician,0.2514,0.0,0,0.5,27
Analyzer,0.5028,0.0,0,0.5,28
Centrifuge,0.5028,46.41,90,46.92,28
Phlebotomist,0.5014,126.5,197,127.0,28
Technician,0.2514,0.0,0,0.5,28
Analyzer,0.5028,0.0,0,0.5,29
Centrifuge,0.5028,44.96,91,45.46,29
Phlebotomist,0.5014,128.71,199,129.21,29
Technician,0.25,0.0,0,0.5,29
Analyzer,0.5028,0.0,0,0.5,30
Centrifuge,0.5028,48.01,94,48.51,30
Phlebotomist,0.5013,123.34,194,123.84,30
Technician,0.25,0.0,0,0.5,30
Analyzer,0.5028,0.0,0,0.5,31
Centrifuge,0.5028,48.0,94,48.5,31
Phlebotomist,0.5013,124.4,193,124.9,31
Technician,0.25,0.0,0,0.5,31
Analyzer,0.5028,0.0,0,0.5,32
Centrifuge,0.5028,44.3,88,44.8,32
Phlebotomist,0.5014,127.05,198,127.55,32
Technician,0.25,0.0,0,0.5,32
Analyzer,0.5028,0.0,0,0.5,33
Centrifuge,0.5028,49.18,91,49.68,33
Phlebotomist,0.5014,122.15,192,122.65,33
Technician,0.25,0.0,0,0.5,33
Analyzer,0.5028,0.0,0,0.5,34
Centrifuge,0.5028,43.51,88,44.02,34
Phlebotomist,0.5014,129.59,199,130.09,34
Technician,0.2514,0.0,0,0.5,34
Analyzer,0.5028,0.0,0,0.5,35
Centrifuge,0.5028,43.28,90,43.78,35
Phlebotomist,0.5014,129.26,203,129.76,35
Technician,0.25,0.0,0,0.5,35
Analyzer,0.5028,0.0,0,0.5,36
Centrifuge,0.5028,48.73,96,49.23,36
Phlebotomist,0.5013,121.3,194,121.8,36
Technician,0.2514,0.0,0,0.5,36
Analyzer,0.5028,0.0,0,0.5,37
Centrifuge,0.5028,43.61,89,44.11,37
Phlebotomist,0.5014,130.91,202,131.41,37
Technician,0.25,0.0,0,0.5,37
Analyzer,0.5028,0.0,0,0.5,38
Centrifuge,0.5028,44.26,87,44.76,38
Phlebotomist,0.5014,129.24,200,129.74,38
Technician,0.2514,0.0,0,0.5,38
Analyzer,0.5029,0.0,0,0.5,39
Centrifuge,0.5028,44.81,86,45.31,39
Phlebotomist,0.5014,128.47,198,128.97,39
Technician,0.25,0.0,0,0.5,39
Analyzer,0.5028,0.0,0,0.5,40
Centrifuge,0.5028,45.74,94,46.25,40
Phlebotomist,0.5013,127.23,195,127.73,40
Technician,0.2514,0.0,0,0.5,40
Analyzer,0.5028,0.0,0,0.5,41
Centrifuge,0.5028,48.58,92,49.08,41
Phlebotomist,0.5014,122.29,194,122.79,41
Technician,0.25,0.0,0,0.5,41
Analyzer,0.5028,0.0,0,0.5,42
Centrifuge,0.5028,45.83,92,46.33,42
Phlebotomist,0.5014,127.44,195,127.94,42
Technician,0.2514,0.0,0,0.5,42
Analyzer,0.5028,0.0,0,0.5,43
Centrifuge,0.5028,47.96,97,48.46,43
Phlebotomist,0.5013,125.8,193,126.31,43
Technician,0.2514,0.0,0,0.5,43
Analyzer,0.5028,0.0,0,0.5,44
Centrifuge,0.5028,47.42,94,47.92,44
Phlebotomist,0.5013,124.58,195,125.08,44
Technician,0.25,0.0,0,0.5,44
Analyzer,0.5028,0.0,0,0.5,45
Centrifuge,0.5028,47.53,88,48.03,45
Phlebotomist,0.5014,122.57,195,123.07,45
Technician,0.25,0.0,0,0.5,45
Analyzer,0.5028,0.0,0,0.5,46
Centrifuge,0.5028,50.32,98,50.82,46
Phlebotomist,0.5013,121.2,193,121.7,46
Technician,0.2514,0.0,0,0.5,46
Analyzer,0.5028,0.0,0,0.5,47
Centrifuge,0.5028,44.05,88,44.55,47
Phlebotomist,0.5014,126.36,200,126.86,47
Technician,0.25,0.0,0,0.5,47
Analyzer,0.5028,0.0,0,0.5,48
Centrifuge,0.5028,43.79,87,44.29,48
Phlebotomist,0.5014,130.0,201,130.5,48
Technician,0.2514,0.0,0,0.5,48
Analyzer,0.5028,0.0,0,0.5,49
Centrifuge,0.5028,45.08,90,45.58,49
Phlebotomist,0.5014,128.99,197,129.5,49
Technician,0.25,0.0,0,0.5,49
Analyzer,0.5028,0.0,0,0.5,50
Centrifuge,0.5028,46.83,95,47.33,50
Phlebotomist,0.5013,127.34,196,127.84,50
Technician,0.25,0.0,0,0.5,50
Analyzer,0.5028,0.0,0,0.5,51
Centrifuge,0.5028,48.41,96,48.92,51
Phlebotomist,0.5013,123.36,195,123.86,51
Technician,0.2514,0.0,0,0.5,51
Analyzer,0.5028,0.0,0,0.5,52
Centrifuge,0.5028,43.87,90,44.37,52
Phlebotomist,0.5014,131.03,201,131.53,52
Technician,0.2514,0.0,0,0.5,52
Analyzer,0.5028,0.0,0,0.5,53
Centrifuge,0.5028,43.6,90,44.1,53
Phlebotomist,0.5014,131.02,200,131.52,53
Technician,0.25,0.0,0,0.5,53
Analyzer,0.5028,0.0,0,0.5,54
Centrifuge,0.5028,46.63,89,47.13,54
Phlebotomist,0.5014,122.68,196,123.18,54
Technician,0.25,0.0,0,0.5,54
Analyzer,0.5028,0.0,0,0.5,55
Centrifuge,0.5028,44.12,90,44.63,55
Phlebotomist,0.5014,127.87,200,128.37,55
Technician,0.25,0.0,0,0.5,55
Analyzer,0.5028,0.0,0,0.5,56
Centrifuge,0.5028,45.54,90,46.04,56
Phlebotomist,0.5014,127.51,197,128.01,56
Technician,0.25,0.0,0,0.5,56
Analyzer,0.5028,0.0,0,0.5,57
Centrifuge,0.5028,48.38,98,48.88,57
Phlebotomist,0.5013,126.03,194,126.53,57
Technician,0.2514,0.0,0,0.5,57
Analyzer,0.5028,0.0,0,0.5,58
Centrifuge,0.5028,44.84,92,45.35,58
Phlebotomist,0.5014,126.85,200,127.35,58
Technician,0.2514,0.0,0,0.5,58
Analyzer,0.5028,0.0,0,0.5,59
Centrifuge,0.5028,45.16,92,45.66,59
Phlebotomist,0.5013,127.23,198,127.73,59
Technician,0.25,0.0,0,0.5,59
Analyzer,0.5028,0.0,0,0.5,60
Centrifuge,0.5028,45.49,88,45.99,60
Phlebotomist,0.5014,128.07,197,128.58,60
Technician,0.2514,0.0,0,0.5,60
Analyzer,0.5028,0.0,0,0.5,61
Centrifuge,0.5028,49.49,100,49.99,61
Phlebotomist,0.5013,124.07,195,124.57,61
Technician,0.2514,0.0,0,0.5,61
Analyzer,0.5028,0.0,0,0.5,62
Centrifuge,0.5028,47.83,91,48.34,62
Phlebotomist,0.5014,122.36,194,122.86,62
Technician,0.2514,0.0,0,0.5,62
Analyzer,0.5028,0.0,0,0.5,63
Centrifuge,0.5028,44.48,89,44.98,63
Phlebotomist,0.5014,126.66,197,127.16,63
Technician,0.25,0.0,0,0.5,63
Analyzer,0.5028,0.0,0,0.5,64
Centrifuge,0.5028,52.39,101,52.89,64
Phlebotomist,0.5013,120.55,191,121.05,64
Technician,0.2514,0.0,0,0.5,64
Analyzer,0.5028,0.0,0,0.5,65
Centrifuge,0.5028,47.85,97,48.36,65
Phlebotomist,0.5013,124.98,197,125.48,65
Technician,0.2514,0.0,0,0.5,65
Analyzer,0.5029,0.0,0,0.5,66
Centrifuge,0.5028,42.17,86,42.67,66
Phlebotomist,0.5014,131.58,202,132.08,66
Technician,0.25,0.0,0,0.5,66
Analyzer,0.5028,0.0,0,0.5,67
Centrifuge,0.5028,47.63,93,48.13,67
Phlebotomist,0.5014,124.46,195,124.96,67
Technician,0.2514,0.0,0,0.5,67
Analyzer,0.5028,0.0,0,0.5,68
Centrifuge,0.5028,43.99,89,44.49,68
Phlebotomist,0.5014,131.26,198,131.76,68
Technician,0.25,0.0,0,0.5,68
Analyzer,0.5028,0.0,0,0.5,69
Centrifuge,0.5028,47.47,93,47.98,69
Phlebotomist,0.5014,125.38,195,125.88,69
Technician,0.2514,0.0,0,0.5,69
Analyzer,0.5028,0.0,0,0.5,70
Centrifuge,0.5028,49.2,94,49.7,70
Phlebotomist,0.5013,122.47,193,122.97,70
Technician,0.2514,0.0,0,0.5,70
Analyzer,0.5028,0.0,0,0.5,71
Centrifuge,0.5028,44.61,87,45.12,71
Phlebotomist,0.5014,128.8,199,129.3,71
Technician,0.2514,0.0,0,0.5,71
Analyzer,0.5028,0.0,0,0.5,72
Centrifuge,0.5028,44.65,90,45.15,72
Phlebotomist,0.5014,127.61,200,128.11,72
Technician,0.2514,0.0,0,0.5,72
Analyzer,0.5028,0.0,0,0.5,73
Centrifuge,0.5028,45.6,92,46.1,73
Phlebotomist,0.5014,129.48,196,129.98,73
Technician,0.2514,0.0,0,0.5,73
Analyzer,0.5028,0.0,0,0.5,74
Centrifuge,0.5028,41.05,83,41.55,74
Phlebotomist,0.5014,132.6,203,133.1,74
Technician,0.2514,0.0,0,0.5,74
Analyzer,0.5028,0.0,0,0.5,75
Centrifuge,0.5028,47.18,93,47.68,75
Phlebotomist,0.5013,126.34,195,126.84,75
Technician,0.25,0.0,0,0.5,75
Analyzer,0.5028,0.0,0,0.5,76
Centrifuge,0.5028,46.84,91,47.35,76
Phlebotomist,0.5014,126.67,196,127.18,76
Technician,0.2514,0.0,0,0.5,76
Analyzer,0.5028,0.0,0,0.5,77
Centrifuge,0.5028,49.64,100,50.15,77
Phlebotomist,0.5013,122.33,193,122.83,77
Technician,0.25,0.0,0,0.5,77
Analyzer,0.5028,0.0,0,0.5,78
Centrifuge,0.5028,42.21,87,42.72,78
Phlebotomist,0.5014,131.43,202,131.93,78
Technician,0.2514,0.0,0,0.5,78
Analyzer,0.5028,0.0,0,0.5,79
Centrifuge,0.5028,40.8,86,41.31,79
Phlebotomist,0.5014,133.69,203,134.2,79
Technician,0.25,0.0,0,0.5,79
Analyzer,0.5029,0.0,0,0.5,80
Centrifuge,0.5028,43.05,84,43.55,80
Phlebotomist,0.5014,130.0,200,130.5,80
Technician,0.25,0.0,0,0.5,80
Analyzer,0.5028,0.0,0,0.5,81
Centrifuge,0.5028,46.84,88,47.35,81
Phlebotomist,0.5014,122.21,195,122.71,81
Technician,0.25,0.0,0,0.5,81
Analyzer,0.5028,0.0,0,0.5,82
Centrifuge,0.5028,45.69,95,46.19,82
Phlebotomist,0.5014,128.1,196,128.6,82
Technician,0.2514,0.0,0,0.5,82
Analyzer,0.5028,0.0,0,0.5,83
Centrifuge,0.5028,45.51,88,46.01,83
Phlebotomist,0.5014,126.79,199,127.29,83
Technician,0.2514,0.0,0,0.5,83
Analyzer,0.5028,0.0,0,0.5,84
Centrifuge,0.5028,55.56,106,56.07,84
Phlebotomist,0.5013,113.58,184,114.08,84
Technician,0.2514,0.0,0,0.5,84
Analyzer,0.5028,0.0,0,0.5,85
Centrifuge,0.5028,49.73,97,50.23,85
Phlebotomist,0.5013,122.73,191,123.23,85
Technician,0.2514,0.0,0,0.5,85
Analyzer,0.5028,0.0,0,0.5,86
Centrifuge,0.5028,46.37,90,46.87,86
Phlebotomist,0.5014,125.09,197,125.59,86
Technician,0.2514,0.0,0,0.5,86
Analyzer,0.5028,0.0,0,0.5,87
Centrifuge,0.5028,44.07,90,44.57,87
Phlebotomist,0.5014,128.63,200,129.13,87
Technician,0.2514,0.0,0,0.5,87
Analyzer,0.5028,0.0,0,0.5,88
Centrifuge,0.5028,49.12,94,49.63,88
Phlebotomist,0.5013,123.73,192,124.23,88
Technician,0.2514,0.0,0,0.5,88
Analyzer,0.5028,0.0,0,0.5,89
Centrifuge,0.5028,49.81,97,50.31,89
Phlebotomist,0.5013,122.27,191,122.77,89
Technician,0.25,0.0,0,0.5,89
Analyzer,0.5028,0.0,0,0.5,90
Centrifuge,0.5028,43.72,94,44.22,90
Phlebotomist,0.5013,130.69,199,131.19,90
Technician,0.2514,0.0,0,0.5,90
Analyzer,0.5028,0.0,0,0.5,91
Centrifuge,0.5028,45.04,88,45.54,91
Phlebotomist,0.5014,128.12,196,128.62,91
Technician,0.25,0.0,0,0.5,91
Analyzer,0.5028,0.0,0,0.5,92
Centrifuge,0.5028,51.7,96,52.2,92
Phlebotomist,0.5013,118.8,189,119.3,92
Technician,0.25,0.0,0,0.5,92
Analyzer,0.5029,0.0,0,0.5,93
Centrifuge,0.5028,43.68,89,44.19,93
Phlebotomist,0.5014,131.07,199,131.58,93
Technician,0.25,0.0,0,0.5,93
Analyzer,0.5028,0.0,0,0.5,94
Centrifuge,0.5028,48.63,97,49.13,94
Phlebotomist,0.5013,125.92,196,126.42,94
Technician,0.2514,0.0,0,0.5,94
Analyzer,0.5028,0.0,0,0.5,95
Centrifuge,0.5028,43.64,89,44.15,95
Phlebotomist,0.5014,128.76,202,129.26,95
Technician,0.25,0.0,0,0.5,95
Analyzer,0.5028,0.0,0,0.5,96
Centrifuge,0.5028,47.05,90,47.55,96
Phlebotomist,0.5014,124.8,195,125.3,96
Technician,0.25,0.0,0,0.5,96
Analyzer,0.5028,0.0,0,0.5,97
Centrifuge,0.5028,47.99,89,48.49,97
Phlebotomist,0.5014,121.97,193,122.47,97
Technician,0.25,0.0,0,0.5,97
Analyzer,0.5028,0.0,0,0.5,98
Centrifuge,0.5028,52.61,96,53.11,98
Phlebotomist,0.5013,118.51,187,119.01,98
Technician,0.2514,0.0,0,0.5,98
Analyzer,0.5028,0.0,0,0.5,99
Centrifuge,0.5028,42.84,89,43.35,99
Phlebotomist,0.5014,131.08,202,131.58,99
Technician,0.2514,0.0,0,0.5,99
Analyzer,0.5028,0.0,0,0.5,100
Centrifuge,0.5028,47.32,90,47.83,100
Phlebotomist,0.5014,123.37,193,123.87,100
Technician,0.25,0.0,0,0.5,100
