sample_collected_date_time,dispatch_date_time,tat_minutes
01/11/2025 8:37,01/11/2025 9:14,37
01/11/2025 10:45,04/11/2025 13:27,4482
01/11/2025 14:40,01/11/2025 15:51,71
01/11/2025 15:56,02/11/2025 0:29,513
01/11/2025 16:24,02/11/2025 0:22,478
02/11/2025 0:53,02/11/2025 2:03,70
02/11/2025 3:54,02/11/2025 7:14,200
02/11/2025 7:06,02/11/2025 8:14,68
02/11/2025 11:48,02/11/2025 23:48,720
02/11/2025 11:55,02/11/2025 21:11,556
02/11/2025 13:39,02/11/2025 22:15,516
02/11/2025 13:45,02/11/2025 23:25,580
02/11/2025 14:34,02/11/2025 21:54,440
02/11/2025 16:12,02/11/2025 23:54,462
02/11/2025 17:38,03/11/2025 0:01,383
02/11/2025 18:01,03/11/2025 0:08,367
03/11/2025 10:01,03/11/2025 13:32,211
03/11/2025 11:19,03/11/2025 15:23,244
03/11/2025 11:29,03/11/2025 14:46,197
03/11/2025 11:30,03/11/2025 15:33,243
03/11/2025 11:44,03/11/2025 15:36,232
03/11/2025 14:28,03/11/2025 15:42,74
03/11/2025 14:37,03/11/2025 17:54,197
03/11/2025 14:39,03/11/2025 15:36,57
03/11/2025 15:51,03/11/2025 17:55,124
03/11/2025 16:14,03/11/2025 17:57,103
03/11/2025 16:22,03/11/2025 17:51,89
03/11/2025 16:53,03/11/2025 17:47,54
03/11/2025 18:42,03/11/2025 20:37,115
03/11/2025 19:53,03/11/2025 20:40,47
04/11/2025 8:15,11/11/2025 9:39,10164
04/11/2025 9:05,04/11/2025 13:05,240
04/11/2025 10:02,04/11/2025 13:29,207
04/11/2025 14:47,04/11/2025 16:18,91
04/11/2025 18:50,04/11/2025 19:55,65
05/11/2025 0:00,05/11/2025 0:21,21
05/11/2025 1:13,05/11/2025 1:37,24
05/11/2025 7:14,05/11/2025 11:49,275
05/11/2025 8:18,05/11/2025 11:44,206
05/11/2025 11:04,05/11/2025 12:39,95
05/11/2025 12:06,05/11/2025 14:22,136
05/11/2025 19:03,05/11/2025 21:10,127
06/11/2025 9:27,06/11/2025 12:12,165
06/11/2025 11:26,06/11/2025 13:15,109
06/11/2025 14:44,06/11/2025 18:20,216
07/11/2025 6:03,07/11/2025 13:23,440
07/11/2025 9:26,11/11/2025 9:55,5789
07/11/2025 14:40,07/11/2025 16:53,133
07/11/2025 14:49,07/11/2025 16:59,130
07/11/2025 16:57,07/11/2025 19:10,133
07/11/2025 17:35,07/11/2025 19:05,90
07/11/2025 19:07,08/11/2025 4:55,588
07/11/2025 23:29,08/11/2025 4:50,321
07/11/2025 23:32,08/11/2025 4:45,313
08/11/2025 1:16,08/11/2025 5:01,225
08/11/2025 1:20,08/11/2025 4:59,219
08/11/2025 8:11,08/11/2025 15:58,467
08/11/2025 8:21,08/11/2025 16:12,471
08/11/2025 10:05,08/11/2025 15:46,341
08/11/2025 11:24,08/11/2025 16:14,290
08/11/2025 14:26,08/11/2025 19:08,282
08/11/2025 16:03,08/11/2025 19:14,191
09/11/2025 10:41,09/11/2025 17:14,393
09/11/2025 20:00,09/11/2025 23:01,181
09/11/2025 21:51,10/11/2025 0:10,139
10/11/2025 3:18,10/11/2025 4:03,45
10/11/2025 5:41,10/11/2025 7:01,80
10/11/2025 11:50,10/11/2025 14:31,161
10/11/2025 11:56,10/11/2025 14:40,164
10/11/2025 12:28,10/11/2025 14:37,129
10/11/2025 13:24,10/11/2025 15:10,106
10/11/2025 13:28,10/11/2025 15:15,107
10/11/2025 15:11,10/11/2025 17:07,116
10/11/2025 15:15,10/11/2025 17:37,142
10/11/2025 21:51,11/11/2025 0:05,134
10/11/2025 23:32,11/11/2025 1:00,88
10/11/2025 23:45,11/11/2025 1:08,83
11/11/2025 6:38,11/11/2025 10:23,225
11/11/2025 9:35,11/11/2025 11:52,137
11/11/2025 10:37,11/11/2025 12:12,95
11/11/2025 10:48,11/11/2025 12:17,89
11/11/2025 11:57,18/11/2025 9:18,9921
11/11/2025 14:08,11/11/2025 15:19,71
11/11/2025 14:19,11/11/2025 15:23,64
11/11/2025 16:13,11/11/2025 17:16,63
11/11/2025 19:16,11/11/2025 22:50,214
11/11/2025 20:17,11/11/2025 22:55,158
11/11/2025 20:20,11/11/2025 23:03,163
11/11/2025 20:22,11/11/2025 23:12,170
11/11/2025 20:25,11/11/2025 23:18,173
11/11/2025 23:35,12/11/2025 7:37,482
12/11/2025 0:24,12/11/2025 6:47,383
12/11/2025 8:04,12/11/2025 9:24,80
12/11/2025 8:36,12/11/2025 12:18,222
12/11/2025 8:40,12/11/2025 12:50,250
12/11/2025 9:07,12/11/2025 11:49,162
12/11/2025 9:53,12/11/2025 12:54,181
12/11/2025 10:59,12/11/2025 13:24,145
12/11/2025 11:40,12/11/2025 13:21,101
12/11/2025 12:01,12/11/2025 13:19,78
12/11/2025 12:26,12/11/2025 14:12,106
13/11/2025 10:04,13/11/2025 10:41,37
13/11/2025 10:17,13/11/2025 12:19,122
13/11/2025 14:32,13/11/2025 16:19,107
13/11/2025 14:35,13/11/2025 16:23,108
13/11/2025 14:57,13/11/2025 16:27,90
13/11/2025 16:18,14/11/2025 0:43,505
13/11/2025 16:37,14/11/2025 0:36,479
13/11/2025 16:53,14/11/2025 0:30,457
13/11/2025 17:16,14/11/2025 0:33,437
13/11/2025 17:33,14/11/2025 0:41,428
13/11/2025 19:21,13/11/2025 23:08,227
13/11/2025 20:40,13/11/2025 22:50,130
14/11/2025 7:20,14/11/2025 9:02,102
14/11/2025 8:28,14/11/2025 13:05,277
14/11/2025 8:45,14/11/2025 12:55,250
14/11/2025 9:18,14/11/2025 12:49,211
14/11/2025 9:30,14/11/2025 12:52,202
14/11/2025 9:32,14/11/2025 12:39,187
14/11/2025 12:33,17/11/2025 9:59,4166
14/11/2025 12:57,14/11/2025 15:17,140
14/11/2025 16:38,14/11/2025 23:54,436
14/11/2025 16:43,14/11/2025 23:52,429
14/11/2025 17:04,15/11/2025 0:01,417
14/11/2025 21:22,15/11/2025 11:16,834
14/11/2025 23:40,15/11/2025 0:07,27
15/11/2025 7:40,15/11/2025 7:41,1
15/11/2025 10:51,15/11/2025 12:20,89
15/11/2025 19:04,15/11/2025 23:00,236
16/11/2025 16:17,16/11/2025 18:06,109
16/11/2025 16:25,16/11/2025 18:14,109
16/11/2025 17:55,16/11/2025 18:55,60
16/11/2025 17:55,16/11/2025 18:47,52
16/11/2025 21:08,16/11/2025 22:10,62
16/11/2025 22:40,16/11/2025 23:49,69
17/11/2025 7:38,17/11/2025 12:07,269
17/11/2025 8:03,17/11/2025 12:34,271
17/11/2025 8:06,17/11/2025 12:26,260
17/11/2025 9:15,17/11/2025 12:31,196
17/11/2025 9:42,17/11/2025 13:01,199
17/11/2025 10:29,17/11/2025 13:06,157
17/11/2025 10:37,17/11/2025 13:24,167
17/11/2025 11:29,17/11/2025 13:33,124
17/11/2025 12:15,17/11/2025 15:47,212
17/11/2025 12:25,17/11/2025 16:41,256
17/11/2025 13:21,17/11/2025 16:47,206
17/11/2025 14:00,17/11/2025 16:52,172
17/11/2025 14:37,18/11/2025 10:35,1198
17/11/2025 16:06,17/11/2025 17:29,83
17/11/2025 17:20,18/11/2025 0:41,441
17/11/2025 21:36,18/11/2025 0:39,183
18/11/2025 3:20,18/11/2025 3:57,37
18/11/2025 7:46,18/11/2025 10:27,161
18/11/2025 8:47,18/11/2025 10:21,94
18/11/2025 9:07,18/11/2025 10:23,76
18/11/2025 10:28,18/11/2025 13:09,161
18/11/2025 11:12,18/11/2025 13:23,131
18/11/2025 11:16,19/11/2025 14:17,1621
18/11/2025 11:25,18/11/2025 13:18,113
18/11/2025 13:16,18/11/2025 15:08,112
19/11/2025 6:09,19/11/2025 12:03,354
19/11/2025 7:31,19/11/2025 12:11,280
19/11/2025 7:45,19/11/2025 11:52,247
19/11/2025 8:08,19/11/2025 12:19,251
19/11/2025 9:00,19/11/2025 12:53,233
19/11/2025 9:08,20/11/2025 10:09,1501
19/11/2025 10:02,19/11/2025 13:52,230
19/11/2025 10:48,19/11/2025 14:12,204
19/11/2025 12:20,19/11/2025 16:35,255
19/11/2025 15:36,20/11/2025 10:02,1106
20/11/2025 5:30,20/11/2025 10:31,301
20/11/2025 6:23,20/11/2025 10:24,241
20/11/2025 7:28,20/11/2025 10:14,166
20/11/2025 9:30,20/11/2025 11:33,123
20/11/2025 11:40,20/11/2025 13:03,83
20/11/2025 11:58,20/11/2025 14:52,174
20/11/2025 12:31,24/11/2025 9:05,5554
20/11/2025 14:07,20/11/2025 15:35,88
20/11/2025 14:11,20/11/2025 15:37,86
20/11/2025 14:57,20/11/2025 16:47,110
20/11/2025 15:33,20/11/2025 16:46,73
20/11/2025 16:30,20/11/2025 17:18,48
20/11/2025 17:44,20/11/2025 19:05,81
20/11/2025 19:04,20/11/2025 20:28,84
21/11/2025 8:55,21/11/2025 10:51,116
21/11/2025 9:50,21/11/2025 12:21,151
21/11/2025 11:05,21/11/2025 11:29,24
21/11/2025 11:07,21/11/2025 13:12,125
21/11/2025 11:41,21/11/2025 12:29,48
21/11/2025 14:35,21/11/2025 15:42,67
21/11/2025 16:35,21/11/2025 18:15,100
21/11/2025 19:43,22/11/2025 7:47,724
22/11/2025 0:08,22/11/2025 8:27,499
22/11/2025 8:09,22/11/2025 12:05,236
22/11/2025 8:49,22/11/2025 18:24,575
22/11/2025 12:09,22/11/2025 18:19,370
22/11/2025 13:37,22/11/2025 18:20,283
22/11/2025 22:56,22/11/2025 23:46,50
22/11/2025 23:01,22/11/2025 23:37,36
23/11/2025 10:45,23/11/2025 21:44,659
23/11/2025 12:44,23/11/2025 21:58,554
23/11/2025 16:15,23/11/2025 21:49,334
23/11/2025 19:22,23/11/2025 22:20,178
23/11/2025 23:37,24/11/2025 8:01,504
24/11/2025 6:28,24/11/2025 6:57,29
24/11/2025 7:07,24/11/2025 10:52,225
24/11/2025 7:36,24/11/2025 10:54,198
24/11/2025 8:45,24/11/2025 10:59,134
24/11/2025 9:03,24/11/2025 12:17,194
24/11/2025 9:13,24/11/2025 10:49,96
24/11/2025 10:00,24/11/2025 12:11,131
24/11/2025 10:08,24/11/2025 12:09,121
24/11/2025 10:30,24/11/2025 12:13,103
24/11/2025 11:38,24/11/2025 13:11,93
24/11/2025 12:02,24/11/2025 14:45,163
24/11/2025 12:32,24/11/2025 15:08,156
24/11/2025 12:48,24/11/2025 15:43,175
24/11/2025 14:21,24/11/2025 15:47,86
24/11/2025 18:04,25/11/2025 0:39,395
24/11/2025 18:20,25/11/2025 0:42,382
24/11/2025 18:39,25/11/2025 0:26,347
25/11/2025 7:22,25/11/2025 13:10,348
25/11/2025 7:31,25/11/2025 13:12,341
25/11/2025 10:33,25/11/2025 13:30,177
25/11/2025 11:05,25/11/2025 13:27,142
25/11/2025 19:43,26/11/2025 4:04,501
25/11/2025 20:28,26/11/2025 4:12,464
01/10/2025 8:09,01/10/2025 11:47,218
01/10/2025 10:14,01/10/2025 13:55,221
01/10/2025 10:55,03/10/2025 11:13,2898
01/10/2025 11:00,01/10/2025 14:12,192
01/10/2025 12:11,01/10/2025 14:20,129
01/10/2025 13:32,01/10/2025 15:43,131
01/10/2025 13:59,01/10/2025 17:00,181
01/10/2025 14:48,01/10/2025 16:22,94
01/10/2025 16:54,01/10/2025 23:33,399
01/10/2025 19:56,01/10/2025 21:42,106
01/10/2025 22:12,01/10/2025 23:11,59
01/10/2025 22:16,01/10/2025 23:31,75
02/10/2025 6:41,02/10/2025 7:40,59
02/10/2025 8:24,02/10/2025 10:57,153
02/10/2025 9:02,02/10/2025 11:02,120
02/10/2025 11:09,02/10/2025 11:58,49
02/10/2025 11:13,02/10/2025 12:00,47
02/10/2025 12:35,02/10/2025 14:10,95
02/10/2025 13:54,06/10/2025 12:47,5693
02/10/2025 14:20,03/10/2025 14:24,1444
02/10/2025 14:41,02/10/2025 21:56,435
02/10/2025 16:39,02/10/2025 22:03,324
02/10/2025 17:22,02/10/2025 22:07,285
02/10/2025 19:50,03/10/2025 13:02,1032
02/10/2025 22:24,02/10/2025 23:15,51
03/10/2025 6:43,03/10/2025 10:01,198
03/10/2025 6:45,03/10/2025 10:26,221
03/10/2025 6:50,03/10/2025 10:06,196
03/10/2025 7:41,03/10/2025 10:12,151
03/10/2025 9:20,03/10/2025 11:49,149
03/10/2025 10:05,03/10/2025 11:03,58
03/10/2025 13:08,03/10/2025 14:31,83
03/10/2025 13:47,03/10/2025 16:19,152
03/10/2025 14:21,03/10/2025 16:22,121
04/10/2025 9:10,04/10/2025 13:55,285
04/10/2025 12:26,05/10/2025 17:54,1768
04/10/2025 12:29,05/10/2025 18:19,1790
04/10/2025 18:43,06/10/2025 12:21,2498
04/10/2025 18:45,05/10/2025 18:31,1426
05/10/2025 23:02,06/10/2025 0:17,75
06/10/2025 8:36,30/10/2025 10:36,34680
06/10/2025 10:20,06/10/2025 17:15,415
06/10/2025 11:44,08/10/2025 10:27,2803
06/10/2025 11:45,06/10/2025 15:31,226
06/10/2025 12:30,06/10/2025 15:50,200
06/10/2025 12:59,06/10/2025 16:35,216
06/10/2025 13:28,06/10/2025 16:44,196
06/10/2025 14:10,07/10/2025 7:44,1054
06/10/2025 14:30,07/10/2025 6:03,933
06/10/2025 15:24,07/10/2025 5:50,866
06/10/2025 15:29,07/10/2025 6:11,882
06/10/2025 16:31,07/10/2025 7:43,912
06/10/2025 16:55,07/10/2025 6:18,803
06/10/2025 17:09,07/10/2025 7:45,876
06/10/2025 17:59,07/10/2025 7:42,823
06/10/2025 18:41,07/10/2025 14:24,1183
06/10/2025 21:02,07/10/2025 7:49,647
07/10/2025 9:12,07/10/2025 12:24,192
07/10/2025 9:40,07/10/2025 12:30,170
07/10/2025 10:03,07/10/2025 12:28,145
07/10/2025 10:29,07/10/2025 11:04,35
07/10/2025 10:33,07/10/2025 12:35,122
07/10/2025 10:33,07/10/2025 12:35,122
07/10/2025 10:51,07/10/2025 12:48,117
07/10/2025 12:33,07/10/2025 13:25,52
07/10/2025 12:44,07/10/2025 13:51,67
07/10/2025 14:16,07/10/2025 15:30,74
07/10/2025 14:19,07/10/2025 15:33,74
07/10/2025 16:20,07/10/2025 19:06,166
07/10/2025 16:50,07/10/2025 19:10,140
07/10/2025 17:48,07/10/2025 19:17,89
08/10/2025 7:48,08/10/2025 8:38,50
08/10/2025 8:51,08/10/2025 11:33,162
08/10/2025 10:22,08/10/2025 12:30,128
08/10/2025 10:54,08/10/2025 12:24,90
08/10/2025 12:31,08/10/2025 13:42,71
08/10/2025 12:40,08/10/2025 13:40,60
08/10/2025 12:55,08/10/2025 13:14,19
08/10/2025 13:00,08/10/2025 14:34,94
08/10/2025 14:54,08/10/2025 16:24,90
08/10/2025 15:11,10/10/2025 11:05,2634
08/10/2025 15:15,08/10/2025 17:23,128
08/10/2025 15:21,08/10/2025 17:15,114
08/10/2025 16:37,08/10/2025 17:57,80
08/10/2025 22:20,09/10/2025 1:14,174
09/10/2025 7:08,09/10/2025 9:08,120
09/10/2025 9:20,09/10/2025 11:28,128
09/10/2025 9:51,10/10/2025 11:00,1509
09/10/2025 9:54,09/10/2025 11:13,79
09/10/2025 14:07,09/10/2025 14:43,36
09/10/2025 14:21,09/10/2025 17:48,207
09/10/2025 15:51,09/10/2025 17:55,124
09/10/2025 18:22,09/10/2025 19:22,60
10/10/2025 7:44,10/10/2025 9:00,76
10/10/2025 7:50,10/10/2025 9:10,80
10/10/2025 8:00,10/10/2025 9:13,73
10/10/2025 9:41,10/10/2025 10:55,74
10/10/2025 11:10,10/10/2025 15:21,251
10/10/2025 11:31,10/10/2025 13:10,99
10/10/2025 11:42,10/10/2025 13:39,117
10/10/2025 11:54,10/10/2025 13:13,79
10/10/2025 12:18,10/10/2025 13:43,85
10/10/2025 14:23,10/10/2025 19:54,331
10/10/2025 14:27,10/10/2025 15:35,68
10/10/2025 18:41,10/10/2025 22:13,212
11/10/2025 0:25,11/10/2025 1:56,91
11/10/2025 9:16,11/10/2025 12:34,198
11/10/2025 9:19,11/10/2025 12:25,186
11/10/2025 11:06,11/10/2025 12:19,73
11/10/2025 14:08,11/10/2025 19:42,334
11/10/2025 14:46,11/10/2025 19:24,278
11/10/2025 18:33,11/10/2025 19:37,64
11/10/2025 19:34,11/10/2025 20:07,33
12/10/2025 5:48,12/10/2025 6:33,45
12/10/2025 10:15,12/10/2025 19:15,540
12/10/2025 10:27,12/10/2025 17:49,442
12/10/2025 11:02,12/10/2025 19:32,510
12/10/2025 11:06,12/10/2025 19:04,478
12/10/2025 14:36,12/10/2025 19:25,289
13/10/2025 7:51,13/10/2025 13:12,321
13/10/2025 9:29,13/10/2025 14:47,318
13/10/2025 9:33,13/10/2025 14:44,311
13/10/2025 10:26,13/10/2025 14:39,253
13/10/2025 11:08,13/10/2025 14:35,207
13/10/2025 11:19,13/10/2025 14:11,172
13/10/2025 12:51,13/10/2025 15:16,145
13/10/2025 13:01,13/10/2025 15:04,123
13/10/2025 13:38,13/10/2025 15:11,93
13/10/2025 13:44,13/10/2025 15:09,85
13/10/2025 13:51,13/10/2025 19:47,356
13/10/2025 14:09,13/10/2025 19:54,345
13/10/2025 15:35,13/10/2025 20:11,276
13/10/2025 15:43,13/10/2025 20:01,258
13/10/2025 16:28,13/10/2025 19:58,210
13/10/2025 23:02,13/10/2025 23:52,50
14/10/2025 6:07,14/10/2025 10:56,289
14/10/2025 6:12,14/10/2025 10:41,269
14/10/2025 6:26,14/10/2025 10:39,253
14/10/2025 6:45,14/10/2025 10:48,243
14/10/2025 9:21,14/10/2025 11:42,141
14/10/2025 9:40,14/10/2025 11:53,133
14/10/2025 10:12,14/10/2025 12:44,152
14/10/2025 11:53,14/10/2025 14:04,131
14/10/2025 11:56,14/10/2025 14:39,163
14/10/2025 12:35,14/10/2025 14:12,97
14/10/2025 13:15,14/10/2025 14:43,88
14/10/2025 14:25,14/10/2025 15:52,87
14/10/2025 18:12,14/10/2025 20:09,117
14/10/2025 18:21,14/10/2025 20:22,121
14/10/2025 18:51,14/10/2025 20:12,81
15/10/2025 6:34,15/10/2025 9:08,154
15/10/2025 6:52,15/10/2025 10:02,190
15/10/2025 8:59,22/10/2025 10:28,10169
15/10/2025 9:46,15/10/2025 13:54,248
15/10/2025 10:00,15/10/2025 12:56,176
15/10/2025 11:14,15/10/2025 13:59,165
15/10/2025 12:05,15/10/2025 13:34,89
15/10/2025 12:26,15/10/2025 13:59,93
15/10/2025 16:23,15/10/2025 18:12,109
15/10/2025 17:09,15/10/2025 19:03,114
15/10/2025 17:10,15/10/2025 19:00,110
15/10/2025 19:49,15/10/2025 20:32,43
15/10/2025 21:12,15/10/2025 21:55,43
15/10/2025 21:15,15/10/2025 22:48,93
16/10/2025 8:15,16/10/2025 11:20,185
16/10/2025 8:21,16/10/2025 11:25,184
16/10/2025 11:30,16/10/2025 12:56,86
16/10/2025 12:37,16/10/2025 14:19,102
16/10/2025 16:04,16/10/2025 17:32,88
16/10/2025 16:27,16/10/2025 20:12,225
16/10/2025 21:15,17/10/2025 0:02,167
17/10/2025 7:58,17/10/2025 11:03,185
17/10/2025 9:28,17/10/2025 11:52,144
17/10/2025 9:54,17/10/2025 12:07,133
17/10/2025 10:34,17/10/2025 11:55,81
17/10/2025 11:15,17/10/2025 14:23,188
17/10/2025 11:23,17/10/2025 14:21,178
17/10/2025 12:35,17/10/2025 14:31,116
17/10/2025 13:44,17/10/2025 15:47,123
17/10/2025 14:49,17/10/2025 16:13,84
17/10/2025 15:44,17/10/2025 16:29,45
17/10/2025 19:01,17/10/2025 20:36,95
18/10/2025 9:53,18/10/2025 18:06,493
18/10/2025 10:52,18/10/2025 18:00,428
19/10/2025 0:21,19/10/2025 0:24,3
19/10/2025 6:50,19/10/2025 6:55,5
19/10/2025 7:33,19/10/2025 8:00,27
19/10/2025 8:27,20/10/2025 11:05,1598
19/10/2025 9:30,19/10/2025 17:03,453
19/10/2025 9:50,19/10/2025 16:51,421
19/10/2025 12:06,19/10/2025 16:45,279
19/10/2025 14:22,19/10/2025 16:41,139
19/10/2025 14:33,19/10/2025 16:48,135
19/10/2025 14:46,19/10/2025 17:48,182
20/10/2025 5:24,20/10/2025 15:34,610
20/10/2025 6:39,20/10/2025 15:32,533
20/10/2025 8:08,20/10/2025 15:29,441
20/10/2025 8:35,20/10/2025 15:31,416
20/10/2025 11:04,20/10/2025 12:44,100
20/10/2025 12:23,20/10/2025 13:51,88
20/10/2025 12:26,20/10/2025 14:45,139
20/10/2025 12:27,20/10/2025 13:45,78
20/10/2025 13:21,20/10/2025 14:43,82
20/10/2025 14:09,20/10/2025 15:24,75
20/10/2025 15:20,21/10/2025 8:57,1057
20/10/2025 15:36,21/10/2025 14:47,1391
20/10/2025 17:16,21/10/2025 14:44,1288
20/10/2025 18:15,21/10/2025 10:04,949
20/10/2025 18:23,21/10/2025 10:49,986
20/10/2025 18:38,21/10/2025 14:40,1202
20/10/2025 18:39,21/10/2025 14:56,1217
20/10/2025 19:14,21/10/2025 11:20,966
21/10/2025 2:13,21/10/2025 12:46,633
21/10/2025 2:13,21/10/2025 12:46,633
21/10/2025 9:20,21/10/2025 12:30,190
21/10/2025 10:39,21/10/2025 12:32,113
21/10/2025 11:06,21/10/2025 12:06,60
21/10/2025 11:06,21/10/2025 12:06,60
21/10/2025 11:33,23/10/2025 12:09,2916
21/10/2025 11:41,21/10/2025 17:07,326
21/10/2025 12:25,21/10/2025 17:04,279
21/10/2025 12:47,21/10/2025 17:14,267
21/10/2025 14:24,21/10/2025 17:01,157
21/10/2025 14:28,21/10/2025 17:21,173
21/10/2025 18:37,21/10/2025 19:27,50
21/10/2025 21:42,22/10/2025 10:06,744
21/10/2025 21:56,22/10/2025 10:14,738
22/10/2025 8:33,22/10/2025 10:02,89
22/10/2025 10:23,22/10/2025 11:28,65
22/10/2025 10:28,22/10/2025 11:27,59
22/10/2025 10:55,22/10/2025 11:55,60
22/10/2025 12:12,28/10/2025 14:45,8793
22/10/2025 13:15,22/10/2025 14:13,58
22/10/2025 15:37,22/10/2025 16:05,28
22/10/2025 18:20,23/10/2025 12:27,1087
22/10/2025 20:23,23/10/2025 11:40,917
23/10/2025 5:39,23/10/2025 11:25,346
23/10/2025 6:41,23/10/2025 11:21,280
23/10/2025 7:03,23/10/2025 11:37,274
23/10/2025 9:08,23/10/2025 13:00,232
23/10/2025 10:02,23/10/2025 12:18,136
23/10/2025 10:25,23/10/2025 13:16,171
23/10/2025 11:05,23/10/2025 11:46,41
23/10/2025 11:42,23/10/2025 14:35,173
23/10/2025 12:07,23/10/2025 14:12,125
23/10/2025 12:14,23/10/2025 16:34,260
23/10/2025 12:42,24/10/2025 9:08,1226
23/10/2025 12:49,24/10/2025 9:39,1250
23/10/2025 13:13,24/10/2025 8:52,1179
23/10/2025 14:27,24/10/2025 9:54,1167
23/10/2025 15:02,24/10/2025 9:51,1129
23/10/2025 16:11,23/10/2025 20:15,244
23/10/2025 18:06,23/10/2025 21:28,202
23/10/2025 18:40,23/10/2025 20:10,90
24/10/2025 7:33,24/10/2025 8:42,69
24/10/2025 7:37,24/10/2025 8:48,71
24/10/2025 7:49,21/11/2025 8:46,40377
24/10/2025 9:03,24/10/2025 10:39,96
24/10/2025 10:22,24/10/2025 13:27,185
24/10/2025 11:09,24/10/2025 13:13,124
24/10/2025 11:09,24/10/2025 13:13,124
24/10/2025 11:33,24/10/2025 13:56,143
24/10/2025 12:09,24/10/2025 13:23,74
24/10/2025 12:40,24/10/2025 14:05,85
24/10/2025 13:13,24/10/2025 14:09,56
24/10/2025 14:46,24/10/2025 18:40,234
24/10/2025 15:27,24/10/2025 18:29,182
24/10/2025 23:02,25/10/2025 1:04,122
24/10/2025 23:13,25/10/2025 0:54,101
25/10/2025 7:28,26/10/2025 9:29,1561
25/10/2025 10:20,25/10/2025 11:31,71
25/10/2025 10:49,25/10/2025 11:33,44
25/10/2025 12:11,25/10/2025 16:58,287
25/10/2025 12:51,25/10/2025 17:08,257
25/10/2025 13:00,25/10/2025 17:12,252
25/10/2025 13:24,25/10/2025 18:05,281
25/10/2025 18:42,25/10/2025 19:14,32
25/10/2025 21:45,25/10/2025 22:12,27
25/10/2025 22:16,25/10/2025 22:38,22
26/10/2025 6:27,26/10/2025 9:13,166
26/10/2025 6:50,26/10/2025 9:18,148
26/10/2025 7:54,26/10/2025 8:51,57
26/10/2025 10:22,27/10/2025 14:10,1668
26/10/2025 19:32,26/10/2025 20:43,71
26/10/2025 20:51,27/10/2025 14:11,1040
26/10/2025 21:05,27/10/2025 14:13,1028
27/10/2025 5:44,27/10/2025 17:31,707
27/10/2025 5:49,27/10/2025 17:34,705
27/10/2025 5:54,27/10/2025 17:38,704
27/10/2025 8:42,27/10/2025 13:50,308
27/10/2025 9:14,27/10/2025 13:29,255
27/10/2025 10:52,27/10/2025 13:31,159
27/10/2025 13:24,27/10/2025 15:09,105
27/10/2025 14:25,27/10/2025 15:48,83
27/10/2025 15:17,27/10/2025 17:23,126
27/10/2025 16:16,03/11/2025 15:59,10063
27/10/2025 16:18,30/10/2025 11:57,4059
27/10/2025 16:47,27/10/2025 18:14,87
27/10/2025 17:34,27/10/2025 18:51,77
27/10/2025 19:23,27/10/2025 20:43,80
27/10/2025 21:52,27/10/2025 22:57,65
28/10/2025 6:49,28/10/2025 11:16,267
28/10/2025 7:20,28/10/2025 11:09,229
28/10/2025 8:03,28/10/2025 11:02,179
28/10/2025 8:53,28/10/2025 10:50,117
28/10/2025 9:05,28/10/2025 11:11,126
28/10/2025 10:08,28/10/2025 15:13,305
28/10/2025 10:10,28/10/2025 14:34,264
28/10/2025 10:14,28/10/2025 13:16,182
28/10/2025 10:47,28/10/2025 12:57,130
28/10/2025 10:51,28/10/2025 17:10,379
28/10/2025 11:29,28/10/2025 14:56,207
28/10/2025 12:01,28/10/2025 15:28,207
28/10/2025 12:41,28/10/2025 14:53,132
28/10/2025 14:13,28/10/2025 16:45,152
28/10/2025 20:42,28/10/2025 22:24,102
28/10/2025 21:37,28/10/2025 22:54,77
29/10/2025 10:33,29/10/2025 11:39,66
29/10/2025 11:58,29/10/2025 13:08,70
29/10/2025 13:21,29/10/2025 13:27,6
29/10/2025 13:45,29/10/2025 14:32,47
29/10/2025 15:40,29/10/2025 16:43,63
29/10/2025 15:52,29/10/2025 16:25,33
29/10/2025 23:10,29/10/2025 23:55,45
30/10/2025 5:36,30/10/2025 6:20,44
30/10/2025 10:38,30/10/2025 12:06,88
30/10/2025 11:09,30/10/2025 12:29,80
30/10/2025 12:50,30/10/2025 13:46,56
30/10/2025 14:24,30/10/2025 15:04,40
30/10/2025 14:49,30/10/2025 17:57,188
30/10/2025 16:27,30/10/2025 17:51,84
30/10/2025 19:10,30/10/2025 19:48,38
31/10/2025 0:32,31/10/2025 1:16,44
31/10/2025 7:27,31/10/2025 8:29,62
31/10/2025 8:40,31/10/2025 10:51,131
31/10/2025 9:23,31/10/2025 11:58,155
31/10/2025 9:26,31/10/2025 11:54,148
31/10/2025 9:38,31/10/2025 12:24,166
31/10/2025 12:18,31/10/2025 13:15,57
31/10/2025 12:43,31/10/2025 12:51,8
31/10/2025 12:47,31/10/2025 14:00,73
31/10/2025 12:57,31/10/2025 14:18,81
31/10/2025 16:02,31/10/2025 17:14,72
31/10/2025 16:37,31/10/2025 17:13,36
01/09/2025 3:24,01/09/2025 5:29,125
01/09/2025 6:39,01/09/2025 8:30,111
01/09/2025 8:59,01/09/2025 19:45,646
01/09/2025 9:45,01/09/2025 19:49,604
01/09/2025 10:35,01/09/2025 19:57,562
01/09/2025 10:41,01/09/2025 20:00,559
01/09/2025 11:32,01/09/2025 19:53,501
01/09/2025 12:58,04/09/2025 16:32,4534
01/09/2025 13:09,01/09/2025 20:03,414
01/09/2025 13:16,01/09/2025 20:07,411
01/09/2025 13:58,01/09/2025 20:08,370
01/09/2025 14:24,02/09/2025 9:37,1153
01/09/2025 14:36,26/09/2025 9:33,35697
01/09/2025 15:24,02/09/2025 3:02,698
01/09/2025 16:08,04/09/2025 13:49,4181
01/09/2025 16:58,01/09/2025 22:09,311
01/09/2025 17:05,01/09/2025 22:01,296
02/09/2025 0:27,02/09/2025 3:14,167
02/09/2025 6:57,02/09/2025 10:30,213
02/09/2025 9:09,02/09/2025 10:32,83
02/09/2025 9:58,02/09/2025 12:48,170
02/09/2025 10:02,02/09/2025 12:53,171
02/09/2025 11:12,02/09/2025 12:58,106
02/09/2025 13:35,02/09/2025 14:59,84
02/09/2025 16:20,02/09/2025 17:51,91
02/09/2025 19:00,02/09/2025 19:29,29
02/09/2025 20:48,02/09/2025 21:37,49
02/09/2025 22:28,03/09/2025 0:47,139
03/09/2025 6:36,03/09/2025 8:58,142
03/09/2025 7:33,03/09/2025 9:15,102
03/09/2025 7:40,03/09/2025 9:00,80
03/09/2025 9:25,03/09/2025 10:59,94
03/09/2025 11:09,03/09/2025 12:24,75
03/09/2025 13:27,03/09/2025 15:33,126
03/09/2025 13:30,03/09/2025 15:37,127
03/09/2025 13:58,03/09/2025 16:40,162
03/09/2025 23:01,04/09/2025 6:48,467
04/09/2025 4:50,04/09/2025 6:56,126
04/09/2025 8:14,04/09/2025 8:54,40
04/09/2025 9:32,04/09/2025 14:11,279
04/09/2025 9:36,04/09/2025 13:56,260
04/09/2025 9:41,04/09/2025 13:31,230
04/09/2025 9:47,04/09/2025 12:30,163
04/09/2025 9:54,04/09/2025 13:59,245
04/09/2025 10:12,04/09/2025 13:27,195
04/09/2025 10:36,04/09/2025 14:05,209
04/09/2025 10:55,04/09/2025 13:22,147
04/09/2025 11:01,04/09/2025 14:03,182
04/09/2025 12:03,04/09/2025 15:21,198
04/09/2025 13:53,04/09/2025 15:27,94
04/09/2025 14:48,04/09/2025 17:50,182
04/09/2025 15:42,04/09/2025 18:11,149
04/09/2025 16:24,04/09/2025 17:25,61
04/09/2025 16:35,04/09/2025 18:14,99
04/09/2025 17:06,05/09/2025 9:28,982
05/09/2025 6:14,05/09/2025 9:21,187
05/09/2025 6:57,05/09/2025 8:43,106
05/09/2025 7:26,05/09/2025 9:24,118
05/09/2025 8:16,05/09/2025 10:22,126
05/09/2025 9:03,05/09/2025 10:17,74
05/09/2025 10:05,05/09/2025 13:45,220
05/09/2025 13:54,05/09/2025 16:09,135
05/09/2025 14:32,05/09/2025 16:07,95
05/09/2025 17:08,05/09/2025 17:32,24
06/09/2025 7:18,06/09/2025 8:42,84
06/09/2025 10:34,06/09/2025 14:03,209
06/09/2025 13:25,06/09/2025 16:26,181
06/09/2025 14:30,06/09/2025 16:28,118
06/09/2025 18:42,06/09/2025 19:38,56
06/09/2025 18:45,06/09/2025 19:35,50
07/09/2025 6:11,07/09/2025 7:09,58
07/09/2025 6:16,07/09/2025 7:13,57
07/09/2025 11:52,07/09/2025 17:57,365
07/09/2025 13:49,07/09/2025 17:51,242
07/09/2025 14:36,07/09/2025 17:54,198
07/09/2025 16:26,07/09/2025 19:15,169
08/09/2025 6:28,08/09/2025 11:03,275
08/09/2025 6:55,08/09/2025 11:09,254
08/09/2025 7:53,08/09/2025 12:10,257
08/09/2025 8:43,08/09/2025 12:06,203
08/09/2025 8:54,08/09/2025 11:52,178
08/09/2025 10:34,08/09/2025 12:19,105
08/09/2025 10:49,08/09/2025 12:17,88
08/09/2025 11:23,08/09/2025 13:09,106
08/09/2025 11:24,08/09/2025 13:06,102
08/09/2025 12:07,08/09/2025 13:56,109
08/09/2025 12:24,08/09/2025 14:01,97
08/09/2025 13:07,08/09/2025 15:29,142
08/09/2025 13:47,08/09/2025 15:12,85
08/09/2025 14:08,08/09/2025 17:01,173
08/09/2025 14:23,08/09/2025 16:47,144
08/09/2025 14:47,08/09/2025 16:33,106
08/09/2025 14:54,08/09/2025 16:56,122
08/09/2025 15:01,08/09/2025 16:41,100
08/09/2025 15:05,08/09/2025 16:39,94
08/09/2025 19:00,08/09/2025 20:06,66
08/09/2025 19:10,08/09/2025 20:20,70
08/09/2025 20:53,08/09/2025 21:42,49
09/09/2025 0:00,09/09/2025 0:28,28
09/09/2025 6:09,09/09/2025 9:47,218
09/09/2025 8:09,09/09/2025 11:58,229
09/09/2025 10:36,09/09/2025 11:02,26
09/09/2025 11:18,09/09/2025 13:13,115
09/09/2025 11:39,09/09/2025 14:03,144
09/09/2025 12:18,09/09/2025 14:05,107
09/09/2025 12:33,09/09/2025 13:57,84
09/09/2025 13:22,09/09/2025 14:18,56
09/09/2025 15:09,09/09/2025 16:17,68
10/09/2025 8:28,10/09/2025 10:58,150
10/09/2025 8:32,10/09/2025 11:01,149
10/09/2025 8:56,10/09/2025 10:50,114
10/09/2025 9:06,10/09/2025 10:22,76
10/09/2025 10:18,10/09/2025 11:21,63
10/09/2025 11:34,10/09/2025 13:23,109
10/09/2025 11:41,10/09/2025 13:12,91
10/09/2025 12:24,10/09/2025 14:22,118
10/09/2025 13:10,10/09/2025 14:28,78
11/09/2025 5:03,11/09/2025 6:55,112
11/09/2025 5:10,11/09/2025 8:05,175
11/09/2025 9:24,11/09/2025 12:16,172
11/09/2025 9:29,11/09/2025 11:59,150
11/09/2025 10:59,11/09/2025 13:58,179
11/09/2025 11:12,11/09/2025 14:38,206
11/09/2025 11:17,11/09/2025 14:02,165
11/09/2025 12:47,11/09/2025 15:04,137
11/09/2025 13:25,11/09/2025 15:02,97
11/09/2025 13:40,11/09/2025 16:39,179
11/09/2025 14:11,11/09/2025 17:13,182
11/09/2025 16:30,11/09/2025 18:03,93
11/09/2025 17:45,11/09/2025 19:18,93
11/09/2025 19:42,11/09/2025 20:16,34
11/09/2025 22:57,11/09/2025 23:42,45
12/09/2025 8:07,12/09/2025 10:52,165
12/09/2025 10:39,12/09/2025 12:28,109
12/09/2025 11:04,12/09/2025 11:14,10
12/09/2025 11:04,12/09/2025 11:14,10
12/09/2025 13:00,12/09/2025 13:32,32
12/09/2025 16:53,12/09/2025 18:15,82
12/09/2025 17:03,12/09/2025 18:19,76
12/09/2025 17:08,12/09/2025 18:23,75
13/09/2025 2:05,13/09/2025 6:42,277
13/09/2025 9:07,13/09/2025 10:21,74
13/09/2025 10:10,13/09/2025 11:31,81
13/09/2025 10:43,13/09/2025 13:23,160
13/09/2025 10:48,13/09/2025 13:50,182
13/09/2025 11:00,13/09/2025 13:59,179
13/09/2025 11:03,13/09/2025 14:08,185
13/09/2025 18:22,13/09/2025 19:20,58
13/09/2025 18:30,13/09/2025 18:56,26
13/09/2025 18:55,13/09/2025 19:49,54
14/09/2025 6:27,14/09/2025 9:27,180
14/09/2025 13:25,14/09/2025 17:01,216
14/09/2025 14:34,14/09/2025 16:26,112
14/09/2025 23:32,15/09/2025 5:41,369
15/09/2025 5:14,15/09/2025 5:59,45
15/09/2025 6:13,15/09/2025 7:15,62
15/09/2025 8:45,15/09/2025 12:10,205
15/09/2025 9:31,15/09/2025 12:15,164
15/09/2025 10:14,15/09/2025 12:17,123
15/09/2025 10:32,15/09/2025 12:20,108
15/09/2025 10:44,15/09/2025 13:43,179
15/09/2025 10:59,15/09/2025 15:36,277
15/09/2025 11:12,15/09/2025 13:49,157
15/09/2025 11:26,15/09/2025 13:53,147
15/09/2025 12:00,15/09/2025 13:47,107
15/09/2025 12:05,15/09/2025 15:27,202
15/09/2025 12:14,15/09/2025 15:33,199
15/09/2025 12:20,18/09/2025 8:37,4097
15/09/2025 12:27,15/09/2025 15:25,178
15/09/2025 12:42,15/09/2025 15:30,168
15/09/2025 13:53,15/09/2025 15:57,124
15/09/2025 14:54,15/09/2025 17:21,147
15/09/2025 15:15,15/09/2025 17:28,133
15/09/2025 15:40,15/09/2025 17:26,106
15/09/2025 17:13,15/09/2025 18:20,67
15/09/2025 19:02,16/09/2025 0:35,333
15/09/2025 20:03,15/09/2025 23:59,236
15/09/2025 23:03,16/09/2025 0:16,73
16/09/2025 4:28,16/09/2025 6:42,134
16/09/2025 8:48,16/09/2025 10:39,111
16/09/2025 9:22,16/09/2025 10:34,72
16/09/2025 10:53,16/09/2025 12:48,115
16/09/2025 12:26,16/09/2025 15:26,180
16/09/2025 17:02,16/09/2025 19:19,137
17/09/2025 7:58,17/09/2025 8:59,61
17/09/2025 8:54,15/10/2025 10:23,40409
17/09/2025 9:18,17/09/2025 10:37,79
17/09/2025 10:50,17/09/2025 12:29,99
17/09/2025 11:17,17/09/2025 12:26,69
17/09/2025 11:51,17/09/2025 13:35,104
17/09/2025 12:35,17/09/2025 14:36,121
17/09/2025 12:49,21/09/2025 20:40,6231
17/09/2025 14:10,17/09/2025 14:58,48
17/09/2025 17:15,22/09/2025 8:26,6671
18/09/2025 3:25,18/09/2025 3:47,22
18/09/2025 8:45,18/09/2025 10:54,129
18/09/2025 9:06,18/09/2025 11:58,172
18/09/2025 10:13,18/09/2025 12:57,164
18/09/2025 11:11,18/09/2025 15:06,235
18/09/2025 12:00,18/09/2025 13:50,110
18/09/2025 12:03,18/09/2025 14:16,133
18/09/2025 12:52,18/09/2025 15:02,130
18/09/2025 13:28,18/09/2025 14:55,87
18/09/2025 14:07,18/09/2025 15:48,101
18/09/2025 15:00,18/09/2025 21:13,373
18/09/2025 15:40,18/09/2025 15:44,4
19/09/2025 7:31,19/09/2025 10:27,176
19/09/2025 9:26,19/09/2025 12:42,196
19/09/2025 9:45,19/09/2025 11:56,131
19/09/2025 9:45,19/09/2025 11:17,92
19/09/2025 9:50,19/09/2025 12:09,139
19/09/2025 10:51,19/09/2025 12:05,74
19/09/2025 11:15,19/09/2025 14:34,199
19/09/2025 11:26,19/09/2025 14:57,211
19/09/2025 12:04,19/09/2025 16:24,260
19/09/2025 12:18,19/09/2025 16:17,239
19/09/2025 15:55,19/09/2025 18:11,136
19/09/2025 21:25,19/09/2025 22:24,59
19/09/2025 22:56,19/09/2025 23:24,28
20/09/2025 8:41,20/09/2025 10:29,108
20/09/2025 9:16,20/09/2025 10:50,94
20/09/2025 11:23,20/09/2025 13:03,100
20/09/2025 12:04,20/09/2025 15:40,216
20/09/2025 18:20,21/09/2025 10:11,951
21/09/2025 5:59,21/09/2025 6:24,25
21/09/2025 15:35,21/09/2025 20:37,302
21/09/2025 15:39,21/09/2025 20:33,294
21/09/2025 19:21,21/09/2025 19:58,37
22/09/2025 5:50,22/09/2025 6:55,65
22/09/2025 7:32,22/09/2025 11:45,253
22/09/2025 7:50,22/09/2025 9:08,78
22/09/2025 9:05,22/09/2025 11:51,166
22/09/2025 9:31,22/09/2025 11:35,124
22/09/2025 10:55,22/09/2025 12:58,123
22/09/2025 11:14,22/09/2025 12:56,102
22/09/2025 11:51,22/09/2025 14:32,161
22/09/2025 11:56,15/10/2025 13:11,33195
22/09/2025 12:05,22/09/2025 13:56,111
22/09/2025 12:07,22/09/2025 14:27,140
22/09/2025 12:09,22/09/2025 13:45,96
22/09/2025 12:56,22/09/2025 14:17,81
22/09/2025 13:45,22/09/2025 15:06,81
22/09/2025 14:04,22/09/2025 15:49,105
22/09/2025 16:03,22/09/2025 17:09,66
22/09/2025 16:06,22/09/2025 17:05,59
23/09/2025 6:18,23/09/2025 8:47,149
23/09/2025 6:43,23/09/2025 8:51,128
23/09/2025 7:38,23/09/2025 9:19,101
23/09/2025 9:15,23/09/2025 15:49,394
23/09/2025 9:26,23/09/2025 15:08,342
23/09/2025 9:33,23/09/2025 13:37,244
23/09/2025 9:35,23/09/2025 15:02,327
23/09/2025 10:20,23/09/2025 12:41,141
23/09/2025 10:22,24/09/2025 12:06,1544
23/09/2025 11:00,23/09/2025 15:18,258
23/09/2025 11:16,23/09/2025 15:16,240
23/09/2025 12:52,25/09/2025 12:32,2860
23/09/2025 13:09,23/09/2025 15:15,126
23/09/2025 13:54,23/09/2025 15:12,78
23/09/2025 13:57,23/09/2025 17:06,189
23/09/2025 13:57,23/09/2025 17:03,186
23/09/2025 14:02,23/09/2025 17:00,178
23/09/2025 16:07,23/09/2025 17:21,74
23/09/2025 16:31,23/09/2025 17:48,77
23/09/2025 16:39,23/09/2025 17:37,58
24/09/2025 9:30,24/09/2025 10:53,83
24/09/2025 9:39,24/09/2025 14:39,300
24/09/2025 10:02,24/09/2025 14:25,263
24/09/2025 10:10,24/09/2025 12:28,138
24/09/2025 10:15,24/09/2025 13:59,224
24/09/2025 10:28,24/09/2025 14:31,243
24/09/2025 11:15,24/09/2025 13:50,155
24/09/2025 11:41,24/09/2025 15:00,199
24/09/2025 12:04,25/09/2025 13:23,1519
24/09/2025 12:40,24/09/2025 15:31,171
24/09/2025 12:43,24/09/2025 15:37,174
24/09/2025 14:17,24/09/2025 17:07,170
24/09/2025 14:28,24/09/2025 17:04,156
24/09/2025 22:00,24/09/2025 22:30,30
25/09/2025 6:18,25/09/2025 8:31,133
25/09/2025 7:21,25/09/2025 10:39,198
25/09/2025 9:24,26/09/2025 12:24,1620
25/09/2025 9:46,25/09/2025 13:20,214
25/09/2025 10:29,25/09/2025 11:33,64
25/09/2025 10:40,25/09/2025 12:36,116
25/09/2025 10:53,25/09/2025 12:27,94
25/09/2025 10:57,25/09/2025 12:29,92
25/09/2025 11:38,09/10/2025 10:41,20103
25/09/2025 12:03,25/09/2025 14:31,148
25/09/2025 12:03,25/09/2025 14:27,144
25/09/2025 12:31,25/09/2025 14:34,123
25/09/2025 12:59,25/09/2025 15:14,135
25/09/2025 13:18,25/09/2025 14:16,58
25/09/2025 13:20,25/09/2025 15:23,123
25/09/2025 13:27,25/09/2025 15:19,112
25/09/2025 14:31,25/09/2025 18:49,258
25/09/2025 14:56,25/09/2025 18:51,235
25/09/2025 15:00,25/09/2025 18:46,226
25/09/2025 15:07,25/09/2025 18:38,211
25/09/2025 16:54,25/09/2025 18:54,120
25/09/2025 17:14,25/09/2025 18:43,89
25/09/2025 23:09,26/09/2025 1:49,160
26/09/2025 6:45,26/09/2025 9:16,151
26/09/2025 9:13,26/09/2025 9:57,44
26/09/2025 9:19,26/09/2025 14:42,323
26/09/2025 9:40,26/09/2025 10:56,76
26/09/2025 9:45,01/10/2025 16:38,7613
26/09/2025 11:15,26/09/2025 12:46,91
26/09/2025 11:45,26/09/2025 14:11,146
26/09/2025 12:58,26/09/2025 14:58,120
26/09/2025 15:37,26/09/2025 17:51,134
26/09/2025 17:11,26/09/2025 18:55,104
26/09/2025 22:53,26/09/2025 23:50,57
27/09/2025 7:13,27/09/2025 8:27,74
27/09/2025 12:23,27/09/2025 14:10,107
28/09/2025 5:35,28/09/2025 6:22,47
28/09/2025 9:03,28/09/2025 15:47,404
28/09/2025 12:19,28/09/2025 16:39,260
28/09/2025 18:06,28/09/2025 21:00,174
28/09/2025 22:09,29/09/2025 1:05,176
29/09/2025 6:25,29/09/2025 7:33,68
29/09/2025 10:50,29/09/2025 12:11,81
29/09/2025 12:07,29/09/2025 12:47,40
29/09/2025 12:30,29/09/2025 15:24,174
29/09/2025 12:39,29/09/2025 15:33,174
29/09/2025 13:07,29/09/2025 16:42,215
29/09/2025 14:08,29/09/2025 17:51,223
29/09/2025 14:22,29/09/2025 17:42,200
29/09/2025 14:48,29/09/2025 17:56,188
29/09/2025 14:56,29/09/2025 17:59,183
29/09/2025 15:45,29/09/2025 18:13,148
29/09/2025 15:52,29/09/2025 18:12,140
29/09/2025 16:05,30/09/2025 19:33,1648
29/09/2025 17:10,29/09/2025 18:32,82
29/09/2025 23:37,29/09/2025 23:56,19
30/09/2025 8:15,30/09/2025 11:06,171
30/09/2025 8:22,30/09/2025 11:02,160
30/09/2025 8:45,30/09/2025 10:56,131
30/09/2025 8:49,30/09/2025 17:45,536
30/09/2025 8:58,30/09/2025 17:47,529
30/09/2025 9:08,30/09/2025 12:42,214
30/09/2025 9:21,30/09/2025 17:49,508
30/09/2025 9:24,30/09/2025 18:28,544
30/09/2025 9:41,30/09/2025 14:07,266
30/09/2025 9:44,30/09/2025 18:20,516
30/09/2025 9:56,30/09/2025 19:35,579
30/09/2025 10:13,30/09/2025 15:46,333
30/09/2025 11:43,30/09/2025 13:46,123
30/09/2025 11:47,30/09/2025 15:55,248
30/09/2025 11:51,30/09/2025 13:52,121
30/09/2025 12:46,30/09/2025 17:38,292
30/09/2025 12:52,30/09/2025 17:40,288
30/09/2025 13:14,30/09/2025 17:36,262
30/09/2025 13:33,30/09/2025 17:43,250
30/09/2025 13:51,30/09/2025 15:52,121
30/09/2025 13:55,30/09/2025 19:45,350
30/09/2025 13:56,30/09/2025 16:01,125
30/09/2025 15:49,30/09/2025 19:50,241
30/09/2025 16:21,30/09/2025 19:47,206
30/09/2025 16:46,30/09/2025 19:49,183
30/09/2025 16:50,30/09/2025 19:52,182
30/09/2025 20:33,03/10/2025 9:12,3639
30/09/2025 21:03,03/10/2025 9:11,3608
01/08/2025 9:08,01/08/2025 11:00,112
01/08/2025 9:13,01/08/2025 11:12,119
01/08/2025 10:54,01/08/2025 14:03,189
01/08/2025 14:02,01/08/2025 15:34,92
01/08/2025 15:36,01/08/2025 16:04,28
01/08/2025 21:43,02/08/2025 0:21,158
02/08/2025 6:21,02/08/2025 8:50,149
02/08/2025 10:38,02/08/2025 14:06,208
02/08/2025 11:28,02/08/2025 14:10,162
02/08/2025 14:16,02/08/2025 17:39,203
02/08/2025 14:30,02/08/2025 17:33,183
02/08/2025 15:46,02/08/2025 17:29,103
02/08/2025 16:38,02/08/2025 18:33,115
02/08/2025 17:10,02/08/2025 18:26,76
03/08/2025 8:12,03/08/2025 8:49,37
03/08/2025 11:27,05/08/2025 12:05,2918
03/08/2025 15:20,04/08/2025 11:26,1206
04/08/2025 6:25,04/08/2025 11:21,296
04/08/2025 7:53,04/08/2025 11:19,206
04/08/2025 8:03,04/08/2025 11:16,193
04/08/2025 8:49,04/08/2025 11:14,145
04/08/2025 9:56,04/08/2025 13:18,202
04/08/2025 10:16,04/08/2025 12:11,115
04/08/2025 10:28,04/08/2025 12:15,107
04/08/2025 12:04,04/08/2025 14:01,117
04/08/2025 12:30,04/08/2025 15:32,182
04/08/2025 14:37,04/08/2025 16:15,98
04/08/2025 15:34,04/08/2025 17:43,129
04/08/2025 15:53,06/08/2025 13:11,2718
04/08/2025 16:13,04/08/2025 17:29,76
04/08/2025 19:48,05/08/2025 12:37,1009
04/08/2025 20:52,05/08/2025 12:40,948
04/08/2025 21:14,05/08/2025 12:33,919
04/08/2025 22:53,05/08/2025 10:03,670
05/08/2025 0:02,05/08/2025 10:07,605
05/08/2025 7:32,07/08/2025 7:35,2883
05/08/2025 9:20,05/08/2025 12:09,169
05/08/2025 10:27,05/08/2025 11:52,85
05/08/2025 10:37,05/08/2025 13:57,200
05/08/2025 11:20,05/08/2025 13:40,140
05/08/2025 12:11,05/08/2025 13:52,101
05/08/2025 13:13,05/08/2025 15:33,140
05/08/2025 13:35,05/08/2025 15:31,116
05/08/2025 14:42,07/08/2025 13:26,2804
05/08/2025 16:05,05/08/2025 17:17,72
05/08/2025 16:08,05/08/2025 17:19,71
05/08/2025 16:27,05/08/2025 17:22,55
05/08/2025 17:42,05/08/2025 18:30,48
05/08/2025 19:12,06/08/2025 9:11,839
06/08/2025 8:34,06/08/2025 10:48,134
06/08/2025 10:57,06/08/2025 13:12,135
06/08/2025 11:39,06/08/2025 13:07,88
06/08/2025 13:28,06/08/2025 16:20,172
06/08/2025 13:57,06/08/2025 16:25,148
06/08/2025 14:25,06/08/2025 16:28,123
06/08/2025 19:05,06/08/2025 22:59,234
07/08/2025 9:23,07/08/2025 12:37,194
07/08/2025 9:53,12/08/2025 12:36,7363
07/08/2025 11:18,11/08/2025 18:00,6162
07/08/2025 12:46,07/08/2025 14:39,113
07/08/2025 13:27,12/08/2025 14:29,7262
07/08/2025 22:40,08/08/2025 10:10,690
08/08/2025 8:16,08/08/2025 10:21,125
08/08/2025 10:40,08/08/2025 11:53,73
08/08/2025 12:06,08/08/2025 13:10,64
08/08/2025 17:45,08/08/2025 21:21,216
09/08/2025 7:17,09/08/2025 8:57,100
09/08/2025 8:29,09/08/2025 9:38,69
09/08/2025 10:06,09/08/2025 11:38,92
09/08/2025 10:24,09/08/2025 11:41,77
09/08/2025 11:04,09/08/2025 11:32,28
09/08/2025 14:00,09/08/2025 15:57,117
09/08/2025 14:17,09/08/2025 16:08,111
09/08/2025 21:42,10/08/2025 0:17,155
10/08/2025 17:49,10/08/2025 23:20,331
10/08/2025 22:35,11/08/2025 0:00,85
11/08/2025 6:57,11/08/2025 12:20,323
11/08/2025 7:08,11/08/2025 12:23,315
11/08/2025 7:23,11/08/2025 12:31,308
11/08/2025 7:29,11/08/2025 12:42,313
11/08/2025 7:35,11/08/2025 12:00,265
11/08/2025 7:45,11/08/2025 12:12,267
11/08/2025 9:25,11/08/2025 12:48,203
11/08/2025 9:46,11/08/2025 12:52,186
11/08/2025 11:02,11/08/2025 15:05,243
11/08/2025 11:10,11/08/2025 15:00,230
11/08/2025 11:10,11/08/2025 15:00,230
11/08/2025 11:10,11/08/2025 16:32,322
11/08/2025 11:13,11/08/2025 14:42,209
11/08/2025 11:27,11/08/2025 15:12,225
11/08/2025 11:40,11/08/2025 14:51,191
11/08/2025 12:27,11/08/2025 14:36,129
11/08/2025 12:59,11/08/2025 14:13,74
11/08/2025 14:01,11/08/2025 17:04,183
11/08/2025 15:33,14/08/2025 10:54,4041
11/08/2025 15:36,11/08/2025 18:03,147
11/08/2025 16:10,11/08/2025 18:06,116
11/08/2025 16:53,11/08/2025 19:09,136
11/08/2025 18:32,11/08/2025 19:39,67
11/08/2025 18:49,11/08/2025 19:44,55
12/08/2025 0:17,12/08/2025 1:27,70
12/08/2025 8:05,12/08/2025 12:40,275
12/08/2025 8:43,12/08/2025 12:32,229
12/08/2025 10:15,12/08/2025 12:53,158
12/08/2025 10:20,12/08/2025 12:55,155
12/08/2025 10:26,12/08/2025 13:04,158
12/08/2025 11:40,12/08/2025 14:34,174
12/08/2025 12:13,12/08/2025 13:00,47
12/08/2025 12:14,12/08/2025 14:31,137
12/08/2025 13:11,12/08/2025 14:38,87
12/08/2025 14:49,12/08/2025 16:14,85
12/08/2025 17:57,12/08/2025 22:09,252
13/08/2025 7:41,13/08/2025 12:14,273
13/08/2025 8:46,13/08/2025 12:10,204
13/08/2025 10:22,13/08/2025 12:19,117
13/08/2025 12:36,13/08/2025 14:42,126
13/08/2025 12:45,13/08/2025 14:38,113
13/08/2025 13:48,16/09/2025 12:41,48893
13/08/2025 14:34,13/08/2025 16:12,98
13/08/2025 14:49,13/08/2025 16:15,86
13/08/2025 16:26,13/08/2025 18:18,112
13/08/2025 16:29,13/08/2025 19:37,188
13/08/2025 18:44,13/08/2025 20:23,99
14/08/2025 5:59,14/08/2025 10:51,292
14/08/2025 6:13,14/08/2025 12:00,347
14/08/2025 6:41,14/08/2025 10:59,258
14/08/2025 10:02,14/08/2025 13:31,209
14/08/2025 11:27,14/08/2025 13:40,133
14/08/2025 12:20,14/08/2025 14:38,138
14/08/2025 12:46,14/08/2025 14:40,114
14/08/2025 14:04,14/08/2025 15:40,96
14/08/2025 16:05,14/08/2025 17:20,75
14/08/2025 16:12,14/08/2025 17:22,70
14/08/2025 16:18,15/08/2025 16:58,1480
14/08/2025 16:20,14/08/2025 17:18,58
14/08/2025 16:24,14/08/2025 17:24,60
14/08/2025 16:54,14/08/2025 21:46,292
14/08/2025 20:00,14/08/2025 21:49,109
14/08/2025 22:22,14/08/2025 22:55,33
15/08/2025 6:53,15/08/2025 10:32,219
15/08/2025 7:36,15/08/2025 10:23,167
15/08/2025 8:59,15/08/2025 11:31,152
15/08/2025 10:08,15/08/2025 11:37,89
15/08/2025 11:21,15/08/2025 12:52,91
15/08/2025 12:40,15/08/2025 15:35,175
15/08/2025 12:44,15/08/2025 15:40,176
15/08/2025 12:48,15/08/2025 15:31,163
15/08/2025 12:58,15/08/2025 15:37,159
15/08/2025 13:23,15/08/2025 15:22,119
15/08/2025 14:02,15/08/2025 17:02,180
15/08/2025 17:43,15/08/2025 19:37,114
15/08/2025 17:54,15/08/2025 18:54,60
15/08/2025 23:29,15/08/2025 23:55,26
16/08/2025 2:36,16/08/2025 2:59,23
16/08/2025 5:20,16/08/2025 7:48,148
16/08/2025 11:29,16/08/2025 13:05,96
16/08/2025 12:17,16/08/2025 16:02,225
16/08/2025 13:08,16/08/2025 16:05,177
16/08/2025 14:30,16/08/2025 16:09,99
16/08/2025 15:33,16/08/2025 16:53,80
16/08/2025 15:42,16/08/2025 16:55,73
17/08/2025 7:00,17/08/2025 17:08,608
17/08/2025 8:56,17/08/2025 17:16,500
17/08/2025 15:01,17/08/2025 17:25,144
17/08/2025 17:35,17/08/2025 18:23,48
17/08/2025 23:13,18/08/2025 11:28,735
18/08/2025 2:01,18/08/2025 11:55,594
18/08/2025 6:06,18/08/2025 11:39,333
18/08/2025 6:38,18/08/2025 11:52,314
18/08/2025 8:27,18/08/2025 11:30,183
18/08/2025 8:48,18/08/2025 11:26,158
18/08/2025 9:07,18/08/2025 11:56,169
18/08/2025 9:21,18/08/2025 11:34,133
18/08/2025 9:28,21/08/2025 16:35,4747
18/08/2025 10:29,18/08/2025 13:19,170
18/08/2025 10:52,18/08/2025 13:21,149
18/08/2025 12:27,18/08/2025 15:28,181
18/08/2025 13:00,18/08/2025 15:17,137
18/08/2025 13:06,18/08/2025 15:36,150
18/08/2025 13:26,18/08/2025 15:20,114
18/08/2025 13:36,18/08/2025 15:47,131
18/08/2025 13:51,18/08/2025 15:33,102
18/08/2025 14:51,18/08/2025 16:24,93
18/08/2025 15:02,18/08/2025 16:35,93
18/08/2025 15:17,18/08/2025 16:39,82
18/08/2025 15:56,18/08/2025 17:00,64
18/08/2025 17:38,18/08/2025 19:16,98
18/08/2025 19:06,18/08/2025 23:25,259
18/08/2025 20:01,18/08/2025 23:30,209
18/08/2025 21:11,18/08/2025 23:39,148
19/08/2025 7:09,19/08/2025 8:02,53
19/08/2025 8:35,19/08/2025 11:41,186
19/08/2025 9:45,19/08/2025 11:39,114
19/08/2025 10:12,19/08/2025 13:43,211
19/08/2025 11:14,19/08/2025 13:48,154
19/08/2025 13:03,19/08/2025 15:28,145
19/08/2025 13:24,19/08/2025 15:43,139
19/08/2025 14:12,19/08/2025 15:57,105
19/08/2025 14:54,19/08/2025 17:17,143
19/08/2025 19:46,19/08/2025 22:40,174
20/08/2025 12:40,20/08/2025 14:10,90
20/08/2025 13:53,20/08/2025 15:06,73
20/08/2025 15:00,20/08/2025 15:48,48
20/08/2025 15:04,20/08/2025 15:43,39
20/08/2025 17:52,21/08/2025 0:09,377
20/08/2025 18:06,20/08/2025 20:16,130
20/08/2025 18:58,21/08/2025 0:07,309
20/08/2025 19:36,21/08/2025 0:15,279
21/08/2025 10:38,21/08/2025 12:15,97
21/08/2025 10:45,21/08/2025 12:11,86
21/08/2025 11:13,21/08/2025 14:36,203
21/08/2025 11:32,21/08/2025 14:32,180
21/08/2025 11:59,26/08/2025 10:51,7132
21/08/2025 12:31,25/08/2025 7:46,5475
21/08/2025 13:01,21/08/2025 14:51,110
21/08/2025 13:15,21/08/2025 15:59,164
21/08/2025 13:18,22/08/2025 10:22,1264
21/08/2025 13:18,22/08/2025 14:57,1539
21/08/2025 13:26,21/08/2025 16:04,158
21/08/2025 13:34,21/08/2025 14:56,82
21/08/2025 13:57,21/08/2025 16:02,125
21/08/2025 14:27,25/08/2025 9:56,5489
21/08/2025 14:34,21/08/2025 15:54,80
21/08/2025 17:59,21/08/2025 19:20,81
21/08/2025 18:38,21/08/2025 19:15,37
22/08/2025 0:28,22/08/2025 0:55,27
22/08/2025 8:58,22/08/2025 11:16,138
22/08/2025 9:04,22/08/2025 11:23,139
22/08/2025 9:36,22/08/2025 11:27,111
22/08/2025 10:20,22/08/2025 11:28,68
22/08/2025 13:00,22/08/2025 13:52,52
22/08/2025 19:21,22/08/2025 23:05,224
22/08/2025 20:32,22/08/2025 23:00,148
23/08/2025 3:45,23/08/2025 4:49,64
23/08/2025 6:01,23/08/2025 9:45,224
23/08/2025 7:56,23/08/2025 9:55,119
23/08/2025 8:41,23/08/2025 10:04,83
23/08/2025 9:18,23/08/2025 11:52,154
23/08/2025 10:10,23/08/2025 12:16,126
23/08/2025 10:33,23/08/2025 12:03,90
23/08/2025 10:38,23/08/2025 12:01,83
23/08/2025 12:19,23/08/2025 14:06,107
24/08/2025 9:41,24/08/2025 13:22,221
24/08/2025 15:02,24/08/2025 16:56,114
25/08/2025 1:41,25/08/2025 2:23,42
25/08/2025 1:45,25/08/2025 2:21,36
25/08/2025 9:20,25/08/2025 12:12,172
25/08/2025 9:40,25/08/2025 13:10,210
25/08/2025 11:28,25/08/2025 15:31,243
25/08/2025 11:33,25/08/2025 15:27,234
25/08/2025 12:55,25/08/2025 15:25,150
25/08/2025 13:30,25/08/2025 15:29,119
25/08/2025 13:40,25/08/2025 16:27,167
25/08/2025 13:40,25/08/2025 17:13,213
25/08/2025 13:55,25/08/2025 17:06,191
25/08/2025 14:27,25/08/2025 17:17,170
25/08/2025 14:47,25/08/2025 17:10,143
25/08/2025 17:01,26/08/2025 14:01,1260
25/08/2025 18:00,25/08/2025 23:39,339
25/08/2025 18:30,25/08/2025 23:46,316
25/08/2025 18:57,25/08/2025 23:42,285
25/08/2025 21:26,26/08/2025 0:00,154
25/08/2025 21:29,25/08/2025 23:54,145
26/08/2025 9:05,26/08/2025 12:46,221
26/08/2025 11:13,26/08/2025 12:52,99
26/08/2025 13:50,26/08/2025 15:20,90
26/08/2025 16:23,26/08/2025 22:22,359
26/08/2025 20:01,26/08/2025 22:15,134
27/08/2025 9:02,27/08/2025 11:16,134
27/08/2025 9:08,27/08/2025 11:26,138
27/08/2025 9:52,27/08/2025 11:33,101
27/08/2025 10:50,27/08/2025 12:08,78
27/08/2025 10:57,27/08/2025 13:09,132
27/08/2025 11:28,27/08/2025 13:13,105
27/08/2025 12:25,27/08/2025 15:40,195
27/08/2025 13:29,27/08/2025 15:19,110
27/08/2025 17:44,27/08/2025 18:25,41
28/08/2025 1:13,28/08/2025 1:39,26
28/08/2025 6:43,28/08/2025 12:53,370
28/08/2025 9:11,28/08/2025 12:49,218
28/08/2025 9:34,28/08/2025 12:47,193
28/08/2025 11:15,28/08/2025 14:09,174
28/08/2025 12:19,28/08/2025 16:11,232
28/08/2025 13:26,28/08/2025 15:49,143
28/08/2025 13:51,28/08/2025 15:47,116
28/08/2025 14:47,28/08/2025 16:06,79
28/08/2025 14:59,28/08/2025 16:33,94
28/08/2025 17:20,28/08/2025 17:58,38
28/08/2025 21:46,29/08/2025 9:11,685
28/08/2025 21:51,29/08/2025 9:13,682
29/08/2025 8:48,29/08/2025 11:59,191
29/08/2025 9:34,29/08/2025 11:59,145
29/08/2025 10:04,29/08/2025 12:32,148
29/08/2025 11:55,29/08/2025 13:11,76
29/08/2025 15:02,29/08/2025 15:43,41
29/08/2025 15:46,29/08/2025 16:35,49
29/08/2025 16:56,29/08/2025 17:34,38
29/08/2025 20:42,30/08/2025 6:48,606
29/08/2025 21:56,30/08/2025 6:58,542
29/08/2025 23:03,30/08/2025 6:51,468
29/08/2025 23:04,30/08/2025 6:53,469
30/08/2025 7:31,30/08/2025 11:19,228
30/08/2025 7:48,30/08/2025 11:43,235
30/08/2025 7:48,30/08/2025 11:43,235
30/08/2025 12:06,30/08/2025 13:05,59
30/08/2025 12:23,30/08/2025 16:39,256
30/08/2025 12:30,30/08/2025 16:41,251
30/08/2025 14:56,30/08/2025 16:54,118
30/08/2025 17:15,30/08/2025 18:09,54
30/08/2025 19:31,30/08/2025 21:01,90
30/08/2025 23:05,30/08/2025 23:49,44
31/08/2025 17:33,31/08/2025 20:51,198
31/08/2025 21:27,31/08/2025 22:30,63
01/07/2025 7:37,01/07/2025 11:49,252
01/07/2025 9:01,01/07/2025 11:26,145
01/07/2025 9:05,01/07/2025 11:30,145
01/07/2025 10:50,01/07/2025 13:02,132
01/07/2025 11:38,01/07/2025 12:55,77
01/07/2025 13:11,01/07/2025 14:24,73
01/07/2025 16:00,01/07/2025 23:24,444
01/07/2025 16:22,01/07/2025 19:27,185
02/07/2025 8:32,02/07/2025 10:29,117
02/07/2025 13:20,02/07/2025 14:08,48
02/07/2025 14:01,02/07/2025 16:09,128
02/07/2025 14:42,02/07/2025 16:07,85
02/07/2025 15:01,02/07/2025 16:12,71
02/07/2025 15:14,02/07/2025 16:05,51
02/07/2025 15:57,02/07/2025 17:34,97
02/07/2025 18:47,03/07/2025 10:14,927
03/07/2025 7:35,03/07/2025 10:11,156
03/07/2025 7:43,03/07/2025 10:05,142
03/07/2025 9:06,03/07/2025 11:15,129
03/07/2025 9:32,03/07/2025 13:01,209
03/07/2025 11:59,03/07/2025 13:31,92
03/07/2025 12:20,03/07/2025 13:22,62
03/07/2025 12:37,03/07/2025 13:30,53
03/07/2025 14:45,03/07/2025 17:18,153
03/07/2025 15:10,03/07/2025 16:59,109
03/07/2025 15:16,03/07/2025 16:50,94
03/07/2025 16:08,03/07/2025 18:55,167
03/07/2025 16:39,03/07/2025 18:47,128
03/07/2025 17:25,03/07/2025 18:46,81
03/07/2025 18:52,03/07/2025 19:21,29
04/07/2025 5:47,04/07/2025 6:46,59
04/07/2025 10:12,04/07/2025 11:59,107
04/07/2025 12:29,04/07/2025 14:02,93
04/07/2025 12:30,04/07/2025 13:29,59
04/07/2025 13:51,04/07/2025 16:01,130
04/07/2025 13:54,07/07/2025 3:16,3682
04/07/2025 13:58,06/07/2025 18:37,3159
04/07/2025 15:07,04/07/2025 16:51,104
04/07/2025 15:29,08/07/2025 9:54,5425
04/07/2025 16:03,05/07/2025 1:19,556
05/07/2025 0:01,05/07/2025 1:15,74
05/07/2025 11:37,05/07/2025 17:02,325
05/07/2025 16:58,05/07/2025 18:29,91
06/07/2025 3:32,06/07/2025 4:09,37
06/07/2025 7:09,06/07/2025 8:57,108
06/07/2025 16:22,06/07/2025 18:27,125
06/07/2025 17:21,07/07/2025 2:26,545
07/07/2025 1:08,07/07/2025 8:44,456
07/07/2025 1:48,07/07/2025 8:51,423
07/07/2025 8:46,07/07/2025 10:37,111
07/07/2025 8:57,07/07/2025 10:39,102
07/07/2025 9:05,07/07/2025 12:36,211
07/07/2025 9:42,07/07/2025 13:23,221
07/07/2025 9:51,07/07/2025 10:33,42
07/07/2025 10:39,07/07/2025 13:37,178
07/07/2025 10:44,07/07/2025 13:42,178
07/07/2025 11:20,07/07/2025 13:20,120
07/07/2025 11:33,07/07/2025 13:26,113
07/07/2025 12:19,07/07/2025 16:29,250
07/07/2025 12:34,11/08/2025 12:35,50401
07/07/2025 12:38,07/07/2025 16:27,229
07/07/2025 12:39,07/07/2025 16:17,218
07/07/2025 12:55,07/07/2025 16:21,206
07/07/2025 13:52,07/07/2025 16:15,143
07/07/2025 13:56,07/07/2025 16:31,155
07/07/2025 14:31,07/07/2025 16:34,123
07/07/2025 14:34,07/07/2025 19:04,270
07/07/2025 15:07,07/07/2025 18:05,178
07/07/2025 16:33,07/07/2025 18:22,109
07/07/2025 16:38,07/07/2025 18:20,102
07/07/2025 16:43,07/07/2025 18:18,95
07/07/2025 18:23,07/07/2025 19:22,59
07/07/2025 18:56,07/07/2025 19:24,28
07/07/2025 19:28,08/07/2025 0:51,323
07/07/2025 19:36,08/07/2025 0:38,302
07/07/2025 22:21,08/07/2025 0:25,124
08/07/2025 7:11,08/07/2025 8:08,57
08/07/2025 8:51,08/07/2025 10:44,113
08/07/2025 9:05,08/07/2025 10:35,90
08/07/2025 9:16,10/07/2025 11:27,3011
08/07/2025 9:23,08/07/2025 11:45,142
08/07/2025 9:51,08/07/2025 11:41,110
08/07/2025 9:53,08/07/2025 11:58,125
08/07/2025 10:20,08/07/2025 12:32,132
08/07/2025 10:47,08/07/2025 12:37,110
08/07/2025 13:12,08/07/2025 14:21,69
08/07/2025 15:01,08/07/2025 16:15,74
08/07/2025 15:38,18/07/2025 9:46,14048
09/07/2025 6:31,09/07/2025 7:21,50
09/07/2025 8:56,09/07/2025 13:43,287
09/07/2025 10:34,09/07/2025 20:32,598
09/07/2025 11:18,14/07/2025 11:35,7217
09/07/2025 11:30,09/07/2025 14:16,166
09/07/2025 12:09,09/07/2025 16:33,264
09/07/2025 13:22,09/07/2025 16:02,160
09/07/2025 16:02,09/07/2025 16:41,39
09/07/2025 19:19,09/07/2025 23:46,267
09/07/2025 20:15,09/07/2025 23:30,195
10/07/2025 7:43,10/07/2025 11:47,244
10/07/2025 10:08,10/07/2025 12:56,168
10/07/2025 12:54,10/07/2025 14:16,82
10/07/2025 12:56,10/07/2025 15:54,178
10/07/2025 15:35,10/07/2025 17:15,100
10/07/2025 16:18,10/07/2025 17:06,48
10/07/2025 16:56,10/07/2025 17:45,49
10/07/2025 17:02,10/07/2025 17:41,39
10/07/2025 19:43,10/07/2025 22:33,170
10/07/2025 19:46,10/07/2025 22:38,172
10/07/2025 23:40,11/07/2025 0:23,43
11/07/2025 7:59,11/07/2025 10:46,167
11/07/2025 8:09,11/07/2025 10:35,146
11/07/2025 8:26,11/07/2025 10:56,150
11/07/2025 9:58,11/07/2025 11:53,115
11/07/2025 10:17,11/07/2025 11:56,99
11/07/2025 10:21,11/07/2025 12:44,143
11/07/2025 10:38,11/07/2025 12:51,133
11/07/2025 14:56,11/07/2025 15:46,50
12/07/2025 7:38,18/07/2025 9:43,8765
12/07/2025 7:40,14/07/2025 18:05,3505
12/07/2025 8:02,12/07/2025 18:04,602
12/07/2025 11:52,12/07/2025 18:17,385
12/07/2025 12:16,12/07/2025 19:28,432
12/07/2025 22:42,12/07/2025 23:15,33
13/07/2025 18:50,13/07/2025 22:01,191
13/07/2025 23:03,13/07/2025 23:59,56
14/07/2025 7:24,14/07/2025 11:30,246
14/07/2025 9:16,14/07/2025 13:35,259
14/07/2025 11:01,14/07/2025 16:01,300
14/07/2025 11:31,14/07/2025 12:23,52
14/07/2025 11:37,14/07/2025 14:31,174
14/07/2025 12:20,26/07/2025 17:58,17618
14/07/2025 12:47,14/07/2025 15:13,146
14/07/2025 14:01,15/07/2025 13:03,1382
14/07/2025 15:33,14/07/2025 17:58,145
14/07/2025 16:10,14/07/2025 17:56,106
14/07/2025 17:13,14/07/2025 18:53,100
14/07/2025 19:51,15/07/2025 11:12,921
14/07/2025 20:23,15/07/2025 12:07,944
15/07/2025 8:52,15/07/2025 12:00,188
15/07/2025 9:00,15/07/2025 11:53,173
15/07/2025 9:02,15/07/2025 11:56,174
15/07/2025 9:09,22/07/2025 12:55,10306
15/07/2025 9:25,15/07/2025 11:46,141
15/07/2025 14:06,15/07/2025 18:52,286
15/07/2025 14:57,23/07/2025 14:26,11489
15/07/2025 22:14,15/07/2025 23:15,61
16/07/2025 8:39,16/07/2025 17:34,535
16/07/2025 9:44,16/07/2025 17:36,472
16/07/2025 9:44,16/07/2025 17:40,476
16/07/2025 10:53,16/07/2025 17:45,412
16/07/2025 12:13,23/07/2025 12:19,10086
16/07/2025 12:39,16/07/2025 17:29,290
16/07/2025 12:49,16/07/2025 17:49,300
16/07/2025 13:09,18/07/2025 8:10,2581
16/07/2025 13:43,16/07/2025 18:03,260
16/07/2025 15:32,16/07/2025 19:26,234
16/07/2025 15:40,16/07/2025 19:33,233
17/07/2025 5:42,17/07/2025 9:15,213
17/07/2025 6:18,17/07/2025 9:18,180
17/07/2025 9:33,17/07/2025 12:02,149
17/07/2025 10:54,17/07/2025 14:36,222
17/07/2025 10:58,17/07/2025 14:43,225
17/07/2025 11:43,17/07/2025 14:33,170
17/07/2025 12:01,18/07/2025 10:23,1342
17/07/2025 12:40,17/07/2025 14:54,134
17/07/2025 12:52,17/07/2025 14:49,117
17/07/2025 13:51,17/07/2025 16:06,135
17/07/2025 15:39,17/07/2025 18:28,169
17/07/2025 17:18,17/07/2025 18:25,67
17/07/2025 18:06,17/07/2025 18:53,47
17/07/2025 18:10,17/07/2025 18:55,45
17/07/2025 18:57,18/07/2025 0:05,308
18/07/2025 1:20,18/07/2025 2:16,56
18/07/2025 9:00,18/07/2025 12:01,181
18/07/2025 9:05,18/07/2025 11:57,172
18/07/2025 10:45,18/07/2025 12:49,124
18/07/2025 12:32,18/07/2025 13:56,84
18/07/2025 14:11,25/07/2025 11:10,9899
18/07/2025 15:02,18/07/2025 15:28,26
18/07/2025 18:01,18/07/2025 23:07,306
18/07/2025 19:19,18/07/2025 23:16,237
19/07/2025 10:55,19/07/2025 17:05,370
19/07/2025 11:32,19/07/2025 18:10,398
19/07/2025 12:33,19/07/2025 17:42,309
19/07/2025 12:44,19/07/2025 17:02,258
19/07/2025 17:18,19/07/2025 18:49,91
19/07/2025 17:48,19/07/2025 19:23,95
19/07/2025 19:18,20/07/2025 0:47,329
19/07/2025 22:58,20/07/2025 0:53,115
20/07/2025 5:44,20/07/2025 8:04,140
20/07/2025 12:28,20/07/2025 14:32,124
20/07/2025 12:59,20/07/2025 14:27,88
20/07/2025 14:58,20/07/2025 15:33,35
20/07/2025 15:55,20/07/2025 16:40,45
20/07/2025 18:20,21/07/2025 10:46,986
21/07/2025 8:20,21/07/2025 10:51,151
21/07/2025 8:24,21/07/2025 10:53,149
21/07/2025 10:19,21/07/2025 13:08,169
21/07/2025 12:10,21/07/2025 13:56,106
21/07/2025 13:02,21/07/2025 14:24,82
21/07/2025 15:31,21/07/2025 17:45,134
21/07/2025 15:39,21/07/2025 17:50,131
21/07/2025 15:44,21/07/2025 17:07,83
21/07/2025 15:59,21/07/2025 17:48,109
21/07/2025 16:04,21/07/2025 17:53,109
21/07/2025 17:20,23/07/2025 12:54,2614
22/07/2025 6:43,22/07/2025 8:23,100
22/07/2025 7:09,22/07/2025 8:28,79
22/07/2025 9:09,22/07/2025 11:14,125
22/07/2025 10:42,22/07/2025 13:34,172
22/07/2025 11:15,22/07/2025 12:51,96
22/07/2025 13:16,22/07/2025 14:54,98
22/07/2025 13:37,14/08/2025 17:09,33332
22/07/2025 22:09,23/07/2025 0:45,156
22/07/2025 22:35,23/07/2025 0:47,132
23/07/2025 6:31,23/07/2025 11:30,299
23/07/2025 9:31,23/07/2025 11:26,115
23/07/2025 9:56,23/07/2025 12:36,160
23/07/2025 10:12,23/07/2025 12:33,141
23/07/2025 11:51,23/07/2025 14:54,183
23/07/2025 15:38,23/07/2025 23:29,471
23/07/2025 18:58,23/07/2025 23:33,275
23/07/2025 19:02,23/07/2025 23:35,273
23/07/2025 19:26,23/07/2025 23:39,253
23/07/2025 19:49,23/07/2025 23:41,232
24/07/2025 7:53,24/07/2025 10:51,178
24/07/2025 10:16,24/07/2025 11:50,94
24/07/2025 10:26,24/07/2025 11:48,82
24/07/2025 12:00,24/07/2025 12:54,54
24/07/2025 12:10,24/07/2025 13:43,93
24/07/2025 12:16,24/07/2025 13:46,90
24/07/2025 12:48,24/07/2025 13:49,61
25/07/2025 7:45,25/07/2025 10:58,193
25/07/2025 8:59,25/07/2025 11:03,124
25/07/2025 9:53,28/07/2025 7:52,4199
25/07/2025 10:07,25/07/2025 13:31,204
25/07/2025 11:00,25/07/2025 13:08,128
25/07/2025 11:15,25/07/2025 13:03,108
25/07/2025 11:17,25/07/2025 13:20,123
25/07/2025 11:40,25/07/2025 15:00,200
25/07/2025 12:01,25/07/2025 14:54,173
25/07/2025 13:12,25/07/2025 15:55,163
25/07/2025 13:14,25/07/2025 14:53,99
25/07/2025 18:05,26/07/2025 17:37,1412
26/07/2025 7:21,26/07/2025 17:54,633
26/07/2025 7:22,26/07/2025 17:43,621
26/07/2025 9:30,26/07/2025 17:47,497
26/07/2025 10:43,26/07/2025 17:53,430
26/07/2025 11:17,26/07/2025 17:51,394
26/07/2025 13:12,26/07/2025 17:56,284
26/07/2025 19:41,27/07/2025 17:24,1303
27/07/2025 0:03,27/07/2025 17:18,1035
27/07/2025 0:03,27/07/2025 17:29,1046
27/07/2025 4:52,27/07/2025 17:21,749
27/07/2025 14:11,27/07/2025 17:33,202
27/07/2025 23:05,28/07/2025 5:14,369
27/07/2025 23:41,28/07/2025 5:17,336
27/07/2025 23:56,28/07/2025 5:16,320
28/07/2025 7:47,28/07/2025 9:17,90
28/07/2025 9:40,28/07/2025 11:09,89
28/07/2025 10:38,28/07/2025 11:44,66
28/07/2025 11:02,04/08/2025 16:32,10410
28/07/2025 11:41,28/07/2025 13:12,91
28/07/2025 11:47,28/07/2025 13:05,78
28/07/2025 11:54,28/07/2025 13:56,122
28/07/2025 12:27,28/07/2025 14:01,94
28/07/2025 14:14,28/07/2025 15:57,103
28/07/2025 14:21,28/07/2025 16:48,147
28/07/2025 14:25,28/07/2025 16:00,95
28/07/2025 14:59,28/07/2025 16:46,107
28/07/2025 15:27,28/07/2025 16:40,73
28/07/2025 15:31,28/07/2025 16:43,72
28/07/2025 18:18,29/07/2025 0:52,394
28/07/2025 19:09,29/07/2025 0:54,345
29/07/2025 7:48,29/07/2025 10:54,186
29/07/2025 7:57,29/07/2025 10:46,169
29/07/2025 11:07,29/07/2025 13:10,123
29/07/2025 11:37,29/07/2025 13:05,88
29/07/2025 11:39,29/07/2025 13:02,83
30/07/2025 6:38,30/07/2025 8:36,118
30/07/2025 10:07,30/07/2025 12:34,147
30/07/2025 10:27,30/07/2025 13:26,179
30/07/2025 11:01,30/07/2025 13:18,137
30/07/2025 11:11,30/07/2025 14:16,185
30/07/2025 11:19,30/07/2025 14:13,174
30/07/2025 11:46,30/07/2025 15:18,212
30/07/2025 12:44,30/07/2025 15:23,159
30/07/2025 13:38,30/07/2025 15:22,104
30/07/2025 15:05,30/07/2025 15:45,40
30/07/2025 15:38,31/07/2025 0:19,521
31/07/2025 9:27,31/07/2025 10:45,78
31/07/2025 9:51,31/07/2025 12:08,137
31/07/2025 10:12,31/07/2025 12:06,114
31/07/2025 10:57,31/07/2025 13:12,135
31/07/2025 11:03,31/07/2025 13:06,123
31/07/2025 11:49,31/07/2025 14:15,146
31/07/2025 12:28,31/07/2025 14:02,94
31/07/2025 12:31,31/07/2025 14:19,108
31/07/2025 12:59,31/07/2025 14:00,61
31/07/2025 13:07,31/07/2025 15:15,128
31/07/2025 13:49,31/07/2025 15:13,84
31/07/2025 17:35,31/07/2025 23:09,334
31/07/2025 21:49,31/07/2025 23:34,105
31/07/2025 21:52,31/07/2025 23:25,93
11/08/2025 8:14,11/08/2025 12:07,233
25/06/2025 5:49,02/07/2025 10:23,10354
25/06/2025 8:47,09/07/2025 11:11,20304
25/06/2025 9:08,25/06/2025 12:13,185
25/06/2025 9:39,25/06/2025 12:18,159
25/06/2025 9:40,25/06/2025 12:15,155
25/06/2025 10:56,25/06/2025 12:08,72
25/06/2025 11:31,25/06/2025 19:43,492
25/06/2025 11:59,26/08/2025 11:49,89270
25/06/2025 12:05,27/06/2025 10:59,2814
25/06/2025 14:09,25/06/2025 15:55,106
25/06/2025 15:55,25/06/2025 17:55,120
25/06/2025 15:59,25/06/2025 17:49,110
25/06/2025 17:29,25/06/2025 18:15,46
25/06/2025 20:09,26/06/2025 10:54,885
25/06/2025 23:07,26/06/2025 10:43,696
26/06/2025 5:03,26/06/2025 10:53,350
26/06/2025 9:57,26/06/2025 11:56,119
26/06/2025 11:05,26/06/2025 13:20,135
26/06/2025 11:33,26/06/2025 13:06,93
26/06/2025 12:12,26/06/2025 15:41,209
26/06/2025 12:13,26/06/2025 13:02,49
26/06/2025 12:55,26/06/2025 15:44,169
26/06/2025 12:59,26/06/2025 15:40,161
26/06/2025 13:17,26/06/2025 15:36,139
26/06/2025 14:03,02/07/2025 12:45,8562
26/06/2025 16:13,27/06/2025 12:14,1201
27/06/2025 8:31,27/06/2025 11:15,164
27/06/2025 11:31,27/06/2025 14:26,175
27/06/2025 13:13,27/06/2025 15:13,120
27/06/2025 14:22,27/06/2025 15:11,49
27/06/2025 20:36,27/06/2025 23:04,148
28/06/2025 12:07,28/06/2025 19:18,431
28/06/2025 12:30,28/06/2025 19:15,405
28/06/2025 13:54,28/06/2025 19:14,320
28/06/2025 14:23,28/06/2025 19:16,293
28/06/2025 14:26,28/06/2025 19:19,293
29/06/2025 11:39,29/06/2025 23:07,688
29/06/2025 12:36,29/06/2025 23:12,636
29/06/2025 13:21,29/06/2025 23:10,589
29/06/2025 20:24,29/06/2025 23:10,166
30/06/2025 6:48,30/06/2025 10:48,240
30/06/2025 8:28,30/06/2025 10:41,133
30/06/2025 9:14,30/06/2025 12:25,191
30/06/2025 10:41,30/06/2025 11:56,75
30/06/2025 10:46,30/06/2025 12:19,93
30/06/2025 11:00,30/06/2025 12:08,68
30/06/2025 11:47,07/07/2025 6:57,9790
30/06/2025 12:23,01/07/2025 9:38,1275
30/06/2025 12:46,30/06/2025 15:51,185
30/06/2025 12:46,30/06/2025 15:51,185
30/06/2025 13:06,30/06/2025 15:48,162
30/06/2025 13:26,30/06/2025 15:41,135
30/06/2025 14:10,30/06/2025 17:19,189
30/06/2025 14:13,30/06/2025 16:58,165
30/06/2025 14:13,30/06/2025 16:58,165
30/06/2025 14:22,30/06/2025 17:01,159
30/06/2025 14:28,30/06/2025 17:05,157
30/06/2025 15:57,30/06/2025 17:18,81
30/06/2025 16:19,30/06/2025 17:46,87
30/06/2025 16:32,30/06/2025 17:48,76
30/06/2025 17:04,30/06/2025 18:13,69
30/06/2025 19:10,30/06/2025 23:36,266
30/06/2025 19:39,30/06/2025 23:40,241